Pedigree name,Individual name,DateSampled,FieldID1,IndividualSampleLocation
OtsAC20TRAR,OtsAC20TRAR_0001,6/1/2020,1,Trask River Hatchery
OtsAC20TRAR,OtsAC20TRAR_0002,6/1/2020,2,Trask River Hatchery
OtsAC20TRAR,OtsAC20TRAR_0003,6/1/2020,3,Trask River Hatchery
OtsAC20TRAR,OtsAC20TRAR_0004,6/1/2020,4,Trask River Hatchery
OtsAC20TRAR,OtsAC20TRAR_0005,6/1/2020,5,Trask River Hatchery
OtsAC20TRAR,OtsAC20TRAR_0006,6/1/2020,6,Trask River Hatchery
OtsAC20TRAR,OtsAC20TRAR_0007,6/1/2020,7,Trask River Hatchery
OtsAC20TRAR,OtsAC20TRAR_0008,6/1/2020,8,Trask River Hatchery
OtsAC20TRAR,OtsAC20TRAR_0009,6/1/2020,9,Trask River Hatchery
OtsAC20TRAR,OtsAC20TRAR_0010,6/1/2020,10,Trask River Hatchery
OtsAC20TRAR,OtsAC20TRAR_0011,6/1/2020,11,Trask River Hatchery
OtsAC20TRAR,OtsAC20TRAR_0012,6/1/2020,12,Trask River Hatchery
OtsAC20TRAR,OtsAC20TRAR_0013,6/1/2020,13,Trask River Hatchery
OtsAC20TRAR,OtsAC20TRAR_0014,6/1/2020,14,Trask River Hatchery
OtsAC20TRAR,OtsAC20TRAR_0015,6/1/2020,15,Trask River Hatchery
OtsAC20TRAR,OtsAC20TRAR_0016,6/1/2020,16,Trask River Hatchery
OtsAC20TRAR,OtsAC20TRAR_0017,6/1/2020,17,Trask River Hatchery
OtsAC20TRAR,OtsAC20TRAR_0018,6/1/2020,18,Trask River Hatchery
OtsAC20TRAR,OtsAC20TRAR_0019,6/1/2020,19,Trask River Hatchery
OtsAC20TRAR,OtsAC20TRAR_0020,6/1/2020,20,Trask River Hatchery
OtsAC20TRAR,OtsAC20TRAR_0021,6/1/2020,21,Trask River Hatchery
OtsAC20TRAR,OtsAC20TRAR_0022,6/1/2020,22,Trask River Hatchery
OtsAC20TRAR,OtsAC20TRAR_0023,6/1/2020,23,Trask River Hatchery
OtsAC20TRAR,OtsAC20TRAR_0024,6/1/2020,24,Trask River Hatchery
OtsAC20TRAR,OtsAC20TRAR_0025,6/1/2020,25,Trask River Hatchery
OtsAC20TRAR,OtsAC20TRAR_0026,6/1/2020,26,Trask River Hatchery
OtsAC20TRAR,OtsAC20TRAR_0027,6/1/2020,27,Trask River Hatchery
OtsAC20TRAR,OtsAC20TRAR_0028,6/1/2020,28,Trask River Hatchery
OtsAC20TRAR,OtsAC20TRAR_0029,6/1/2020,29,Trask River Hatchery
OtsAC20TRAR,OtsAC20TRAR_0030,6/1/2020,30,Trask River Hatchery
OtsAC20TRAR,OtsAC20TRAR_0031,6/1/2020,31,Trask River Hatchery
OtsAC20TRAR,OtsAC20TRAR_0032,6/1/2020,32,Trask River Hatchery
OtsAC20TRAR,OtsAC20TRAR_0033,6/1/2020,33,Trask River Hatchery
OtsAC20TRAR,OtsAC20TRAR_0034,6/1/2020,34,Trask River Hatchery
OtsAC20TRAR,OtsAC20TRAR_0035,6/1/2020,35,Trask River Hatchery
OtsAC20TRAR,OtsAC20TRAR_0036,6/1/2020,36,Trask River Hatchery
OtsAC20TRAR,OtsAC20TRAR_0037,6/1/2020,37,Trask River Hatchery
OtsAC20TRAR,OtsAC20TRAR_0038,6/1/2020,38,Trask River Hatchery
OtsAC20TRAR,OtsAC20TRAR_0039,6/1/2020,39,Trask River Hatchery
OtsAC20TRAR,OtsAC20TRAR_0040,6/1/2020,40,Trask River Hatchery
OtsAC20TRAR,OtsAC20TRAR_0041,6/1/2020,41,Trask River Hatchery
OtsAC20TRAR,OtsAC20TRAR_0042,6/1/2020,42,Trask River Hatchery
OtsAC20TRAR,OtsAC20TRAR_0043,6/1/2020,43,Trask River Hatchery
OtsAC20TRAR,OtsAC20TRAR_0044,6/1/2020,44,Trask River Hatchery
OtsAC20TRAR,OtsAC20TRAR_0045,6/1/2020,45,Trask River Hatchery
OtsAC20TRAR,OtsAC20TRAR_0046,5/27/2020,46,Trask River Hatchery
OtsAC20TRAR,OtsAC20TRAR_0047,5/30/2020,47,Trask River Hatchery
OtsAC20TRAR,OtsAC20TRAR_0048,5/31/2020,48,Trask River Hatchery
OtsAC20NESR,OtsAC20NESR_0051,6/18/2020,51,"Three Rivers Trap, Nestucca"
OtsAC20NESR,OtsAC20NESR_0052,6/18/2020,52,"Three Rivers Trap, Nestucca"
OtsAC20NESR,OtsAC20NESR_0053,6/18/2020,53,"Three Rivers Trap, Nestucca"
OtsAC20NESR,OtsAC20NESR_0054,6/18/2020,54,"Three Rivers Trap, Nestucca"
OtsAC20NESR,OtsAC20NESR_0055,6/18/2020,55,"Three Rivers Trap, Nestucca"
OtsAC20NESR,OtsAC20NESR_0056,6/19/2020,56,"Three Rivers Trap, Nestucca"
OtsAC20NESR,OtsAC20NESR_0057,6/19/2020,57,"Three Rivers Trap, Nestucca"
OtsAC20NESR,OtsAC20NESR_0058,6/19/2020,58,"Three Rivers Trap, Nestucca"
OtsAC20NESR,OtsAC20NESR_0059,6/19/2020,59,"Three Rivers Trap, Nestucca"
OtsAC20NESR,OtsAC20NESR_0060,6/19/2020,60,"Three Rivers Trap, Nestucca"
OtsAC20NESR,OtsAC20NESR_0061,6/19/2020,61,"Three Rivers Trap, Nestucca"
OtsAC20NESR,OtsAC20NESR_0062,6/19/2020,62,"Three Rivers Trap, Nestucca"
OtsAC20NESR,OtsAC20NESR_0063,6/20/2020,63,"Three Rivers Trap, Nestucca"
OtsAC20NESR,OtsAC20NESR_0064,6/22/2020,64,"Three Rivers Trap, Nestucca"
OtsAC20NESR,OtsAC20NESR_0065,6/22/2020,65,"Three Rivers Trap, Nestucca"
OtsAC20NESR,OtsAC20NESR_0066,6/22/2020,66,"Three Rivers Trap, Nestucca"
OtsAC20NESR,OtsAC20NESR_0067,6/22/2020,67,"Three Rivers Trap, Nestucca"
OtsAC20NESR,OtsAC20NESR_0068,6/22/2020,68,"Three Rivers Trap, Nestucca"
OtsAC20NESR,OtsAC20NESR_0069,6/22/2020,69,"Three Rivers Trap, Nestucca"
OtsAC20NESR,OtsAC20NESR_0070,6/23/2020,70,"Three Rivers Trap, Nestucca"
OtsAC20NESR,OtsAC20NESR_0071,6/23/2020,71,"Three Rivers Trap, Nestucca"
OtsAC20NESR,OtsAC20NESR_0072,6/23/2020,72,"Three Rivers Trap, Nestucca"
OtsAC20NESR,OtsAC20NESR_0073,6/23/2020,73,"Three Rivers Trap, Nestucca"
OtsAC20NESR,OtsAC20NESR_0074,6/23/2020,74,"Three Rivers Trap, Nestucca"
OtsAC20NESR,OtsAC20NESR_0075,6/23/2020,75,"Three Rivers Trap, Nestucca"
OtsAC20NESR,OtsAC20NESR_0076,6/23/2020,76,"Three Rivers Trap, Nestucca"
OtsAC20NESR,OtsAC20NESR_0077,6/23/2020,77,"Three Rivers Trap, Nestucca"
OtsAC20NESR,OtsAC20NESR_0078,6/23/2020,78,"Three Rivers Trap, Nestucca"
OtsAC20NESR,OtsAC20NESR_0079,6/23/2020,79,"Three Rivers Trap, Nestucca"
OtsAC20NESR,OtsAC20NESR_0080,6/23/2020,80,"Three Rivers Trap, Nestucca"
OtsAC20SILR,OtsAC20SILR_0001,6/1/2020,1,Siletz Falls
OtsAC20SILR,OtsAC20SILR_0002,6/1/2020,2,Siletz Falls
OtsAC20SILR,OtsAC20SILR_0003,6/4/2020,3,Siletz Falls
OtsAC20SILR,OtsAC20SILR_0004,6/4/2020,4,Siletz Falls
OtsAC20SILR,OtsAC20SILR_0005,6/4/2020,5,Siletz Falls
OtsAC20SILR,OtsAC20SILR_0006,6/4/2020,6,Siletz Falls
OtsAC20SILR,OtsAC20SILR_0007,6/4/2020,7,Siletz Falls
OtsAC20SILR,OtsAC20SILR_0008,6/4/2020,8,Siletz Falls
OtsAC20SILR,OtsAC20SILR_0009,6/4/2020,9,Siletz Falls
OtsAC20SILR,OtsAC20SILR_0010,6/4/2020,10,Siletz Falls
OtsAC20SILR,OtsAC20SILR_0011,6/8/2020,11,Siletz Falls
OtsAC20SILR,OtsAC20SILR_0012,6/11/2020,12,Siletz Falls
OtsAC20SILR,OtsAC20SILR_0013,6/11/2020,13,Siletz Falls
OtsAC20SILR,OtsAC20SILR_0014,6/16/2020,14,Siletz Falls
OtsAC20SILR,OtsAC20SILR_0015,6/24/2020,15,Siletz Falls
OtsAC20SILR,OtsAC20SILR_0016,6/24/2020,16,Siletz Falls
OtsAC20SILR,OtsAC20SILR_0017,6/26/2020,17,Siletz Falls
OtsAC20SILR,OtsAC20SILR_0018,6/26/2020,18,Siletz Falls
OtsAC20SILR,OtsAC20SILR_0019,6/26/2020,19,Siletz Falls
OtsAC20SILR,OtsAC20SILR_0020,6/26/2020,20,Siletz Falls
OtsAC20SILR,OtsAC20SILR_0021,6/26/2020,21,Siletz Falls
OtsAC20SILR,OtsAC20SILR_0022,6/26/2020,22,Siletz Falls
OtsAC20SILR,OtsAC20SILR_0023,6/26/2020,23,Siletz Falls
OtsAC20SILR,OtsAC20SILR_0024,6/26/2020,24,Siletz Falls
OtsAC20SILR,OtsAC20SILR_0025,6/26/2020,25,Siletz Falls
OtsAC20SILR,OtsAC20SILR_0026,6/26/2020,26,Siletz Falls
OtsAC20SILR,OtsAC20SILR_0027,6/26/2020,27,Siletz Falls
OtsAC20SILR,OtsAC20SILR_0028,6/26/2020,28,Siletz Falls
OtsAC20SILR,OtsAC20SILR_0029,6/26/2020,29,Siletz Falls
OtsAC20SILR,OtsAC20SILR_0030,6/26/2020,30,Siletz Falls
OtsAC20SILR,OtsAC20SILR_0031,6/26/2020,31,Siletz Falls
OtsAC20SILR,OtsAC20SILR_0032,6/26/2020,32,Siletz Falls
OtsAC20SILR,OtsAC20SILR_0033,6/26/2020,33,Siletz Falls
OtsAC20SILR,OtsAC20SILR_0034,6/26/2020,34,Siletz Falls
OtsAC20SILR,OtsAC20SILR_0035,6/26/2020,35,Siletz Falls
OtsAC20SILR,OtsAC20SILR_0036,6/26/2020,36,Siletz Falls
OtsAC20SILR,OtsAC20SILR_0037,6/26/2020,37,Siletz Falls
OtsAC20SILR,OtsAC20SILR_0038,6/26/2020,38,Siletz Falls
OtsAC20SILR,OtsAC20SILR_0039,6/26/2020,39,Siletz Falls
OtsAC20SILR,OtsAC20SILR_0040,6/26/2020,40,Siletz Falls
OtsAC20SILR,OtsAC20SILR_0041,6/26/2020,41,Siletz Falls
OtsAC20SILR,OtsAC20SILR_0042,6/26/2020,42,Siletz Falls
OtsAC20SILR,OtsAC20SILR_0043,6/26/2020,43,Siletz Falls
OtsAC20SILR,OtsAC20SILR_0044,6/26/2020,44,Siletz Falls
OtsAC20SILR,OtsAC20SILR_0045,6/29/2020,45,Siletz Falls
OtsAC20SILR,OtsAC20SILR_0046,6/29/2020,46,Siletz Falls
OtsAC20SILR,OtsAC20SILR_0047,6/29/2020,47,Siletz Falls
OtsAC20SILR,OtsAC20SILR_0048,6/29/2020,48,Siletz Falls
OtsAC20SILR,OtsAC20SILR_0049,6/29/2020,49,Siletz Falls
OtsAC20SILR,OtsAC20SILR_0050,6/29/2020,50,Siletz Falls
OtsAC20SILR,OtsAC20SILR_0051,6/29/2020,51,Siletz Falls
OtsAC20SILR,OtsAC20SILR_0052,6/29/2020,52,Siletz Falls
OtsAC20SILR,OtsAC20SILR_0053,6/29/2020,53,Siletz Falls
OtsAC20SILR,OtsAC20SILR_0054,6/29/2020,54,Siletz Falls
OtsAC20SILR,OtsAC20SILR_0055,6/29/2020,55,Siletz Falls
OtsAC20SILR,OtsAC20SILR_0056,6/29/2020,56,Siletz Falls
OtsAC20SILR,OtsAC20SILR_0057,6/29/2020,57,Siletz Falls
OtsAC20SILR,OtsAC20SILR_0058,6/29/2020,58,Siletz Falls
OtsAC20SILR,OtsAC20SILR_0059,6/29/2020,59,Siletz Falls
OtsAC20SILR,OtsAC20SILR_0060,6/29/2020,60,Siletz Falls
OtsAC20SILR,OtsAC20SILR_0061,6/29/2020,61,Siletz Falls
OtsAC20SILR,OtsAC20SILR_0062,6/29/2020,62,Siletz Falls
OtsAC20SILR,OtsAC20SILR_0063,6/29/2020,63,Siletz Falls
OtsAC20SILR,OtsAC20SILR_0064,6/29/2020,64,Siletz Falls
OtsAC20SILR,OtsAC20SILR_0065,6/29/2020,65,Siletz Falls
OtsAC20SILR,OtsAC20SILR_0066,6/29/2020,66,Siletz Falls
OtsAC20SILR,OtsAC20SILR_0067,6/29/2020,67,Siletz Falls
OtsAC20SILR,OtsAC20SILR_0068,6/29/2020,68,Siletz Falls
OtsAC20SILR,OtsAC20SILR_0069,6/29/2020,69,Siletz Falls
OtsAC20SILR,OtsAC20SILR_0070,6/29/2020,70,Siletz Falls
OtsAC20SILR,OtsAC20SILR_0071,6/29/2020,71,Siletz Falls
OtsAC20SILR,OtsAC20SILR_0072,6/29/2020,72,Siletz Falls
OtsAC20SILR,OtsAC20SILR_0073,6/29/2020,73,Siletz Falls
OtsAC20SILR,OtsAC20SILR_0074,6/29/2020,74,Siletz Falls
OtsAC20SILR,OtsAC20SILR_0075,6/29/2020,75,Siletz Falls
OtsAC20SILR,OtsAC20SILR_0076,6/29/2020,76,Siletz Falls
OtsAC20SILR,OtsAC20SILR_0077,6/29/2020,77,Siletz Falls
OtsAC20SILR,OtsAC20SILR_0078,6/29/2020,78,Siletz Falls
OtsAC20SILR,OtsAC20SILR_0079,6/29/2020,79,Siletz Falls
OtsAC20SILR,OtsAC20SILR_0080,6/29/2020,80,Siletz Falls
OtsAC20SILR,OtsAC20SILR_0081,6/29/2020,81,Siletz Falls
OtsAC20SILR,OtsAC20SILR_1001,5/23/2020,,Mill Creek above Logsden Bridge
OtsAC20SILR,OtsAC20SILR_0082,7/2/2020,82,Siletz Falls
OtsAC20SILR,OtsAC20SILR_0083,7/2/2020,83,Siletz Falls
OtsAC20SILR,OtsAC20SILR_0084,7/2/2020,84,Siletz Falls
OtsAC20SILR,OtsAC20SILR_0085,7/2/2020,85,Siletz Falls
OtsAC20SILR,OtsAC20SILR_0086,7/2/2020,86,Siletz Falls
OtsAC20SILR,OtsAC20SILR_0087,7/2/2020,87,Siletz Falls
OtsAC20SILR,OtsAC20SILR_0088,7/2/2020,88,Siletz Falls
OtsAC20SILR,OtsAC20SILR_0089,7/2/2020,89,Siletz Falls
OtsAC20SILR,OtsAC20SILR_0090,7/2/2020,90,Siletz Falls
OtsAC20SILR,OtsAC20SILR_0091,7/2/2020,91,Siletz Falls
OtsAC20SILR,OtsAC20SILR_0092,7/2/2020,92,Siletz Falls
OtsAC20SILR,OtsAC20SILR_0093,7/2/2020,93,Siletz Falls
OtsAC20SILR,OtsAC20SILR_0094,7/2/2020,94,Siletz Falls
OtsAC20SILR,OtsAC20SILR_0095,7/2/2020,95,Siletz Falls
OtsAC20SILR,OtsAC20SILR_0096,7/2/2020,96,Siletz Falls
OtsAC20SILR,OtsAC20SILR_0097,7/2/2020,97,Siletz Falls
OtsAC20SILR,OtsAC20SILR_0098,7/2/2020,98,Siletz Falls
OtsAC20SILR,OtsAC20SILR_0099,7/2/2020,99,Siletz Falls
OtsAC20SILR,OtsAC20SILR_0100,7/6/2020,100,Siletz Falls
OtsAC20SILR,OtsAC20SILR_0101,7/6/2020,101,Siletz Falls
OtsAC20SILR,OtsAC20SILR_0102,7/6/2020,102,Siletz Falls
OtsAC20SILR,OtsAC20SILR_0103,7/6/2020,103,Siletz Falls
OtsAC20SILR,OtsAC20SILR_0104,7/6/2020,104,Siletz Falls
OtsAC20SILR,OtsAC20SILR_0105,7/6/2020,105,Siletz Falls
OtsAC20SILR,OtsAC20SILR_0106,7/6/2020,106,Siletz Falls
OtsAC20SILR,OtsAC20SILR_0107,7/6/2020,107,Siletz Falls
OtsAC20SILR,OtsAC20SILR_0108,7/6/2020,108,Siletz Falls
OtsAC20SILR,OtsAC20SILR_0109,7/6/2020,109,Siletz Falls
OtsAC20SILR,OtsAC20SILR_0110,7/6/2020,110,Siletz Falls
OtsAC20SILR,OtsAC20SILR_0111,7/6/2020,111,Siletz Falls
OtsAC20SILR,OtsAC20SILR_0112,7/6/2020,112,Siletz Falls
OtsAC20SILR,OtsAC20SILR_0113,7/8/2020,113,Siletz Falls
OtsAC20SILR,OtsAC20SILR_0114,7/8/2020,114,Siletz Falls
OtsAC20SILR,OtsAC20SILR_0115,7/8/2020,115,Siletz Falls
OtsAC20SILR,OtsAC20SILR_0116,7/8/2020,116,Siletz Falls
OtsAC20SILR,OtsAC20SILR_0117,7/10/2020,117,Siletz Falls
OtsAC20SILR,OtsAC20SILR_0118,7/10/2020,118,Siletz Falls
OtsAC20SILR,OtsAC20SILR_0119,7/10/2020,119,Siletz Falls
OtsAC20SILR,OtsAC20SILR_0120,7/10/2020,120,Siletz Falls
OtsAC20SILR,OtsAC20SILR_0121,7/10/2020,121,Siletz Falls
OtsAC20SILR,OtsAC20SILR_0122,7/10/2020,122,Siletz Falls
OtsAC20SILR,OtsAC20SILR_0123,7/10/2020,123,Siletz Falls
OtsAC20SILR,OtsAC20SILR_0124,7/10/2020,124,Siletz Falls
OtsAC20SILR,OtsAC20SILR_0125,7/10/2020,125,Siletz Falls
OtsAC20SILR,OtsAC20SILR_0126,7/10/2020,126,Siletz Falls
OtsAC20SILR,OtsAC20SILR_0127,7/13/2020,127,Siletz Falls
OtsAC20SILR,OtsAC20SILR_0128,7/13/2020,128,Siletz Falls
OtsAC20SILR,OtsAC20SILR_0129,7/13/2020,129,Siletz Falls
OtsAC20SILR,OtsAC20SILR_0130,7/13/2020,130,Siletz Falls
OtsAC20SILR,OtsAC20SILR_0131,7/13/2020,131,Siletz Falls
OtsAC20SILR,OtsAC20SILR_0132,7/13/2020,132,Siletz Falls
OtsAC20SILR,OtsAC20SILR_0133,7/13/2020,133,Siletz Falls
OtsAC20SILR,OtsAC20SILR_0134,7/13/2020,134,Siletz Falls
OtsAC20SILR,OtsAC20SILR_0135,7/13/2020,135,Siletz Falls
OtsAC20SILR,OtsAC20SILR_0136,7/13/2020,136,Siletz Falls
OtsAC20SILR,OtsAC20SILR_0137,7/13/2020,137,Siletz Falls
OtsAC20SILR,OtsAC20SILR_0138,7/13/2020,138,Siletz Falls
OtsAC20SILR,OtsAC20SILR_0139,7/13/2020,139,Siletz Falls
OtsAC20SILR,OtsAC20SILR_0140,7/13/2020,140,Siletz Falls
OtsAC20SILR,OtsAC20SILR_0141,7/13/2020,141,Siletz Falls
OtsAC20SILR,OtsAC20SILR_0142,7/13/2020,142,Siletz Falls
OtsAC20SILR,OtsAC20SILR_0143,7/13/2020,143,Siletz Falls
OtsAC20SILR,OtsAC20SILR_0144,7/13/2020,144,Siletz Falls
OtsAC20SILR,OtsAC20SILR_0145,7/13/2020,145,Siletz Falls
OtsAC20SILR,OtsAC20SILR_0146,7/13/2020,146,Siletz Falls
OtsAC20SILR,OtsAC20SILR_0147,7/13/2020,147,Siletz Falls
OtsAC20SILR,OtsAC20SILR_0148,7/13/2020,148,Siletz Falls
OtsAC20SILR,OtsAC20SILR_0149,7/15/2020,149,Siletz Falls
OtsAC20SILR,OtsAC20SILR_0150,7/15/2020,150,Siletz Falls
OtsAC20SILR,OtsAC20SILR_0151,7/15/2020,151,Siletz Falls
OtsAC20SILR,OtsAC20SILR_0152,7/15/2020,152,Siletz Falls
OtsAC20SILR,OtsAC20SILR_0153,7/15/2020,153,Siletz Falls
OtsAC20SILR,OtsAC20SILR_0154,7/15/2020,154,Siletz Falls
OtsAC20SILR,OtsAC20SILR_0155,7/15/2020,155,Siletz Falls
OtsAC20SILR,OtsAC20SILR_0156,7/15/2020,156,Siletz Falls
OtsAC20SILR,OtsAC20SILR_0157,7/15/2020,157,Siletz Falls
OtsAC20SILR,OtsAC20SILR_0158,7/15/2020,158,Siletz Falls
OtsAC20SILR,OtsAC20SILR_0159,7/15/2020,159,Siletz Falls
OtsAC20SILR,OtsAC20SILR_0160,7/15/2020,160,Siletz Falls
OtsAC20SILR,OtsAC20SILR_0161,7/17/2020,161,Siletz Falls
OtsAC20SILR,OtsAC20SILR_0162,7/17/2020,162,Siletz Falls
OtsAC20SILR,OtsAC20SILR_0163,7/17/2020,163,Siletz Falls
OtsAC20SILR,OtsAC20SILR_0164,7/17/2020,164,Siletz Falls
OtsAC20SILR,OtsAC20SILR_0165,7/17/2020,165,Siletz Falls
OtsAC20SILR,OtsAC20SILR_0166,7/17/2020,166,Siletz Falls
OtsAC20SILR,OtsAC20SILR_0167,7/17/2020,167,Siletz Falls
OtsAC20SILR,OtsAC20SILR_0168,7/20/2020,168,Siletz Falls
OtsAC20SILR,OtsAC20SILR_0169,7/20/2020,169,Siletz Falls
OtsAC20SILR,OtsAC20SILR_0170,7/20/2020,170,Siletz Falls
OtsAC20SILR,OtsAC20SILR_0171,7/20/2020,171,Siletz Falls
OtsAC20SILR,OtsAC20SILR_0172,7/20/2020,172,Siletz Falls
OtsAC20SILR,OtsAC20SILR_0173,7/20/2020,173,Siletz Falls
OtsAC20SILR,OtsAC20SILR_0174,7/20/2020,174,Siletz Falls
OtsAC20SILR,OtsAC20SILR_0175,7/20/2020,175,Siletz Falls
OtsAC20SILR,OtsAC20SILR_0176,7/20/2020,176,Siletz Falls
OtsAC20SILR,OtsAC20SILR_0177,7/20/2020,177,Siletz Falls
OtsAC20SILR,OtsAC20SILR_0178,7/20/2020,178,Siletz Falls
OtsAC20SILR,OtsAC20SILR_0179,7/20/2020,179,Siletz Falls
OtsAC20SILR,OtsAC20SILR_0180,7/20/2020,180,Siletz Falls
OtsAC20SILR,OtsAC20SILR_0181,7/20/2020,181,Siletz Falls
OtsAC20SILR,OtsAC20SILR_0182,7/20/2020,182,Siletz Falls
OtsAC20SILR,OtsAC20SILR_0183,7/20/2020,183,Siletz Falls
OtsAC20SILR,OtsAC20SILR_0184,7/20/2020,184,Siletz Falls
OtsAC20SILR,OtsAC20SILR_0185,7/20/2020,185,Siletz Falls
OtsAC20SILR,OtsAC20SILR_0186,7/20/2020,186,Siletz Falls
OtsAC20SILR,OtsAC20SILR_0187,7/20/2020,187,Siletz Falls
OtsAC20SILR,OtsAC20SILR_0188,7/20/2020,188,Siletz Falls
OtsAC20SILR,OtsAC20SILR_0189,7/20/2020,189,Siletz Falls
OtsAC20SILR,OtsAC20SILR_0190,7/20/2020,190,Siletz Falls
OtsAC20SILR,OtsAC20SILR_0191,7/20/2020,191,Siletz Falls
OtsAC20SILR,OtsAC20SILR_0192,7/22/2020,192,Siletz Falls
OtsAC20SILR,OtsAC20SILR_0193,7/22/2020,193,Siletz Falls
OtsAC20SILR,OtsAC20SILR_0194,7/22/2020,194,Siletz Falls
OtsAC20SILR,OtsAC20SILR_0195,7/22/2020,195,Siletz Falls
OtsAC20SILR,OtsAC20SILR_0196,7/22/2020,196,Siletz Falls
OtsAC20SILR,OtsAC20SILR_0197,7/22/2020,197,Siletz Falls
OtsAC20SILR,OtsAC20SILR_0198,7/22/2020,198,Siletz Falls
OtsAC20SILR,OtsAC20SILR_0199,7/22/2020,199,Siletz Falls
OtsAC20SILR,OtsAC20SILR_0200,7/22/2020,200,Siletz Falls
OtsAC20SILR,OtsAC20SILR_0201,7/22/2020,201,Siletz Falls
OtsAC20SILR,OtsAC20SILR_0202,7/22/2020,202,Siletz Falls
OtsAC20SILR,OtsAC20SILR_0203,7/22/2020,203,Siletz Falls
OtsAC20SILR,OtsAC20SILR_0204,7/24/2020,204,Siletz Falls
OtsAC20SILR,OtsAC20SILR_0205,7/24/2020,205,Siletz Falls
OtsAC20SILR,OtsAC20SILR_0206,7/24/2020,206,Siletz Falls
OtsAC20SILR,OtsAC20SILR_0207,7/24/2020,207,Siletz Falls
OtsAC20SILR,OtsAC20SILR_0208,7/24/2020,208,Siletz Falls
OtsAC20SILR,OtsAC20SILR_0209,7/24/2020,209,Siletz Falls
OtsAC20SILR,OtsAC20SILR_0210,7/24/2020,210,Siletz Falls
OtsAC20SILR,OtsAC20SILR_0211,7/24/2020,211,Siletz Falls
OtsAC20SILR,OtsAC20SILR_0212,7/24/2020,212,Siletz Falls
OtsAC20SILR,OtsAC20SILR_0213,7/24/2020,213,Siletz Falls
OtsAC20SILR,OtsAC20SILR_0214,7/27/2020,214,Siletz Falls
OtsAC20SILR,OtsAC20SILR_0215,7/27/2020,215,Siletz Falls
OtsAC20SILR,OtsAC20SILR_0216,7/27/2020,216,Siletz Falls
OtsAC20SILR,OtsAC20SILR_0217,7/27/2020,217,Siletz Falls
OtsAC20SILR,OtsAC20SILR_0218,7/27/2020,218,Siletz Falls
OtsAC20SILR,OtsAC20SILR_0219,7/27/2020,219,Siletz Falls
OtsAC20SILR,OtsAC20SILR_0220,7/27/2020,220,Siletz Falls
OtsAC20SILR,OtsAC20SILR_0221,7/27/2020,221,Siletz Falls
OtsAC20SILR,OtsAC20SILR_0222,7/29/2020,222,Siletz Falls
OtsAC20SILR,OtsAC20SILR_0223,7/29/2020,223,Siletz Falls
OtsAC20SILR,OtsAC20SILR_0224,7/29/2020,224,Siletz Falls
OtsAC20SILR,OtsAC20SILR_0225,7/29/2020,225,Siletz Falls
OtsAC20SILR,OtsAC20SILR_0226,7/29/2020,226,Siletz Falls
OtsAC20SILR,OtsAC20SILR_0227,7/29/2020,227,Siletz Falls
OtsAC20SILR,OtsAC20SILR_0228,7/29/2020,228,Siletz Falls
OtsAC20SILR,OtsAC20SILR_0229,7/29/2020,229,Siletz Falls
OtsAC20SILR,OtsAC20SILR_0230,7/29/2020,230,Siletz Falls
OtsAC20SILR,OtsAC20SILR_0231,7/31/2020,231,Siletz Falls
OtsAC20SILR,OtsAC20SILR_0232,7/31/2020,232,Siletz Falls
OtsAC20SILR,OtsAC20SILR_0233,7/31/2020,233,Siletz Falls
OtsAC20SILR,OtsAC20SILR_0234,7/31/2020,234,Siletz Falls
OtsAC20SILR,OtsAC20SILR_0235,7/31/2020,235,Siletz Falls
OtsAC20SILR,OtsAC20SILR_0236,7/31/2020,236,Siletz Falls
OtsAC20SILR,OtsAC20SILR_0237,7/31/2020,237,Siletz Falls
OtsAC20SILR,OtsAC20SILR_0238,7/31/2020,238,Siletz Falls
OtsAC20SILR,OtsAC20SILR_0239,7/31/2020,239,Siletz Falls
OtsAC20SILR,OtsAC20SILR_0240,7/31/2020,240,Siletz Falls
OtsAC20SILR,OtsAC20SILR_0241,7/31/2020,241,Siletz Falls
OtsAC20SILR,OtsAC20SILR_0242,7/31/2020,242,Siletz Falls
OtsAC20SILR,OtsAC20SILR_0243,7/31/2020,243,Siletz Falls
OtsAC20SILR,OtsAC20SILR_0244,8/3/2020,244,Siletz Falls
OtsAC20SILR,OtsAC20SILR_0245,8/3/2020,245,Siletz Falls
OtsAC20SILR,OtsAC20SILR_0246,8/3/2020,246,Siletz Falls
OtsAC20SILR,OtsAC20SILR_0247,8/3/2020,247,Siletz Falls
OtsAC20SILR,OtsAC20SILR_0248,8/3/2020,248,Siletz Falls
OtsAC20SILR,OtsAC20SILR_0249,8/3/2020,249,Siletz Falls
OtsAC20SILR,OtsAC20SILR_0250,8/3/2020,250,Siletz Falls
OtsAC20SILR,OtsAC20SILR_0251,8/3/2020,251,Siletz Falls
OtsAC20SILR,OtsAC20SILR_0252,8/3/2020,252,Siletz Falls
OtsAC20SILR,OtsAC20SILR_0253,8/3/2020,253,Siletz Falls
OtsAC20SILR,OtsAC20SILR_0254,8/3/2020,254,Siletz Falls
OtsAC20SILR,OtsAC20SILR_0255,8/3/2020,255,Siletz Falls
OtsAC20SILR,OtsAC20SILR_0256,8/3/2020,256,Siletz Falls
OtsAC20SILR,OtsAC20SILR_0257,8/3/2020,257,Siletz Falls
OtsAC20SILR,OtsAC20SILR_0258,8/5/2020,258,Siletz Falls
OtsAC20SILR,OtsAC20SILR_0259,8/5/2020,259,Siletz Falls
OtsAC20SILR,OtsAC20SILR_0260,8/5/2020,260,Siletz Falls
OtsAC20SILR,OtsAC20SILR_0261,8/5/2020,261,Siletz Falls
OtsAC20SILR,OtsAC20SILR_0262,8/7/2020,262,Siletz Falls
OtsAC20SILR,OtsAC20SILR_0263,8/7/2020,263,Siletz Falls
OtsAC20SILR,OtsAC20SILR_0264,8/7/2020,264,Siletz Falls
OtsAC20SILR,OtsAC20SILR_0265,8/7/2020,265,Siletz Falls
OtsAC20SILR,OtsAC20SILR_0266,8/7/2020,266,Siletz Falls
OtsAC20SILR,OtsAC20SILR_0267,8/7/2020,267,Siletz Falls
OtsAC20SILR,OtsAC20SILR_0268,8/7/2020,268,Siletz Falls
OtsAC20SILR,OtsAC20SILR_0269,8/10/2020,269,Siletz Falls
OtsAC20SILR,OtsAC20SILR_0270,8/10/2020,270,Siletz Falls
OtsAC20SILR,OtsAC20SILR_0271,8/10/2020,271,Siletz Falls
OtsAC20SILR,OtsAC20SILR_0272,8/10/2020,272,Siletz Falls
OtsAC20SILR,OtsAC20SILR_0273,8/10/2020,273,Siletz Falls
OtsAC20SILR,OtsAC20SILR_0274,8/10/2020,274,Siletz Falls
OtsAC20SILR,OtsAC20SILR_0275,8/10/2020,275,Siletz Falls
OtsAC20SILR,OtsAC20SILR_0276,8/12/2020,276,Siletz Falls
OtsAC20SILR,OtsAC20SILR_0277,8/12/2020,277,Siletz Falls
OtsAC20SILR,OtsAC20SILR_0278,8/12/2020,278,Siletz Falls
OtsAC20SILR,OtsAC20SILR_0279,8/12/2020,279,Siletz Falls
OtsAC20SILR,OtsAC20SILR_0280,8/12/2020,280,Siletz Falls
OtsAC20SILR,OtsAC20SILR_0281,8/12/2020,281,Siletz Falls
OtsAC20SILR,OtsAC20SILR_0282,8/12/2020,282,Siletz Falls
OtsAC20SILR,OtsAC20SILR_0283,8/12/2020,283,Siletz Falls
OtsAC20SILR,OtsAC20SILR_0284,8/12/2020,284,Siletz Falls
OtsAC20SILR,OtsAC20SILR_0285,8/12/2020,285,Siletz Falls
OtsAC20SILR,OtsAC20SILR_0286,8/14/2020,286,Siletz Falls
OtsAC20SILR,OtsAC20SILR_0287,8/14/2020,287,Siletz Falls
OtsAC20SILR,OtsAC20SILR_0288,8/14/2020,288,Siletz Falls
OtsAC20SILR,OtsAC20SILR_0289,8/14/2020,289,Siletz Falls
OtsAC20SILR,OtsAC20SILR_0290,8/17/2020,290,Siletz Falls
OtsAC20SILR,OtsAC20SILR_0291,8/17/2020,291,Siletz Falls
OtsAC20SILR,OtsAC20SILR_0292,8/17/2020,292,Siletz Falls
OtsAC20SILR,OtsAC20SILR_0293,8/17/2020,293,Siletz Falls
OtsAC20SILR,OtsAC20SILR_0294,8/17/2020,294,Siletz Falls
OtsAC20SILR,OtsAC20SILR_0295,8/17/2020,295,Siletz Falls
OtsAC20SILR,OtsAC20SILR_0296,8/17/2020,296,Siletz Falls
OtsAC20SILR,OtsAC20SILR_0297,8/17/2020,297,Siletz Falls
OtsAC20SILR,OtsAC20SILR_0298,8/17/2020,298,Siletz Falls
OtsAC20SILR,OtsAC20SILR_0299,8/17/2020,299,Siletz Falls
OtsAC20SILR,OtsAC20SILR_0300,8/17/2020,300,Siletz Falls
OtsAC20SILR,OtsAC20SILR_0301,8/19/2020,301,
OtsAC20SILR,OtsAC20SILR_0302,8/19/2020,302,
OtsAC20SILR,OtsAC20SILR_0303,8/19/2020,303,
OtsAC20SILR,OtsAC20SILR_0304,8/19/2020,304,
OtsAC20SILR,OtsAC20SILR_0305,8/19/2020,305,
OtsAC20SILR,OtsAC20SILR_0306,8/19/2020,306,
OtsAC20SILR,OtsAC20SILR_0307,8/19/2020,307,
OtsAC20SILR,OtsAC20SILR_0308,8/19/2020,308,
OtsAC20SILR,OtsAC20SILR_0309,8/19/2020,309,
OtsAC20SILR,OtsAC20SILR_0310,8/19/2020,310,
OtsAC20SILR,OtsAC20SILR_0311,8/19/2020,311,
OtsAC20SILR,OtsAC20SILR_0312,8/19/2020,312,
OtsAC20SILR,OtsAC20SILR_0313,8/19/2020,313,
OtsAC20SILR,OtsAC20SILR_0314,8/19/2020,314,
OtsAC20SILR,OtsAC20SILR_0315,8/19/2020,315,
OtsAC20SILR,OtsAC20SILR_0316,8/19/2020,316,
OtsAC20SILR,OtsAC20SILR_0317,8/19/2020,317,
OtsAC20SILR,OtsAC20SILR_0318,8/19/2020,318,
OtsAC20SILR,OtsAC20SILR_0319,8/21/2020,319,
OtsAC20SILR,OtsAC20SILR_0320,8/21/2020,320,
OtsAC20SILR,OtsAC20SILR_0321,8/21/2020,321,
OtsAC20SILR,OtsAC20SILR_0322,8/24/2020,322,
OtsAC20SILR,OtsAC20SILR_0323,8/24/2020,323,
OtsAC20SILR,OtsAC20SILR_0324,8/24/2020,324,
OtsAC20SILR,OtsAC20SILR_0325,8/24/2020,325,
OtsAC20SILR,OtsAC20SILR_0326,8/24/2020,326,
OtsAC20SILR,OtsAC20SILR_0327,8/26/2020,327,
OtsAC20SILR,OtsAC20SILR_0328,9/18/2020,328,
OtsAC20SILR,OtsAC20SILR_0329,9/18/2020,329,
OtsAC20SILR,OtsAC20SILR_0330,9/18/2020,330,
OtsAC20SILR,OtsAC20SILR_0331,9/18/2020,331,
OtsAC20SILR,OtsAC20SILR_0332,9/18/2020,332,
OtsAC20SILR,OtsAC20SILR_0333,9/18/2020,333,
OtsAC20SILR,OtsAC20SILR_0334,9/18/2020,334,
OtsAC20SILR,OtsAC20SILR_0335,9/18/2020,335,
OtsAC20SILR,OtsAC20SILR_0336,9/18/2020,336,
OtsAC20SILR,OtsAC20SILR_0337,9/18/2020,337,
OtsAC20SILR,OtsAC20SILR_0338,9/18/2020,338,
OtsAC20SILR,OtsAC20SILR_0339,9/18/2020,339,
OtsAC20SILR,OtsAC20SILR_0340,9/18/2020,340,
OtsAC20SILR,OtsAC20SILR_0341,9/18/2020,341,
OtsAC20SILR,OtsAC20SILR_0342,9/18/2020,342,
OtsAC20SILR,OtsAC20SILR_0343,9/18/2020,343,
OtsAC20SILR,OtsAC20SILR_0344,9/18/2020,344,
OtsAC20SILR,OtsAC20SILR_0345,9/18/2020,345,
OtsAC20SILR,OtsAC20SILR_0346,9/18/2020,346,
OtsAC20SILR,OtsAC20SILR_0347,9/18/2020,347,
OtsAC20SILR,OtsAC20SILR_0348,9/18/2020,348,
OtsAC20SILR,OtsAC20SILR_0349,9/18/2020,349,
OtsAC20SILR,OtsAC20SILR_0350,9/18/2020,350,
OtsAC20SILR,OtsAC20SILR_0351,9/18/2020,351,
OtsAC20SILR,OtsAC20SILR_0352,9/18/2020,352,
OtsAC20SILR,OtsAC20SILR_0353,9/21/2020,353,
OtsAC20SILR,OtsAC20SILR_0354,9/21/2020,354,
OtsAC20SILR,OtsAC20SILR_0355,9/21/2020,355,
OtsAC20SILR,OtsAC20SILR_0356,9/21/2020,356,
OtsAC20SILR,OtsAC20SILR_0357,9/21/2020,357,
OtsAC20SILR,OtsAC20SILR_0358,9/21/2020,358,
OtsAC20SILR,OtsAC20SILR_0359,9/21/2020,359,
OtsAC20SILR,OtsAC20SILR_0360,9/21/2020,360,
OtsAC20SILR,OtsAC20SILR_0361,9/21/2020,361,
OtsAC20SILR,OtsAC20SILR_0362,9/21/2020,362,
OtsAC20SILR,OtsAC20SILR_0363,9/21/2020,363,
OtsAC20SILR,OtsAC20SILR_0364,9/21/2020,364,
OtsAC20SILR,OtsAC20SILR_0365,9/21/2020,365,
OtsAC20SILR,OtsAC20SILR_0366,9/23/2020,366,
OtsAC20SILR,OtsAC20SILR_0367,9/23/2020,367,
OtsAC20SILR,OtsAC20SILR_0368,9/23/2020,368,
OtsAC20SILR,OtsAC20SILR_0369,9/23/2020,369,
OtsAC20SILR,OtsAC20SILR_0370,9/23/2020,370,
OtsAC20SILR,OtsAC20SILR_0371,9/24/2020,371,
OtsAC20SILR,OtsAC20SILR_0372,9/24/2020,372,
OtsAC20SILR,OtsAC20SILR_0373,9/24/2020,373,
OtsAC20SILR,OtsAC20SILR_0374,9/24/2020,374,
OtsAC20SILR,OtsAC20SILR_0375,9/24/2020,375,
OtsAC20SILR,OtsAC20SILR_0376,9/24/2020,376,
OtsAC20SILR,OtsAC20SILR_0377,9/24/2020,377,
OtsAC20SILR,OtsAC20SILR_0378,9/24/2020,378,
OtsAC20SILR,OtsAC20SILR_0379,9/24/2020,379,
OtsAC20SILR,OtsAC20SILR_0380,9/24/2020,380,
OtsAC20SILR,OtsAC20SILR_0381,9/25/2020,381,
OtsAC20SILR,OtsAC20SILR_0382,9/25/2020,382,
OtsAC20SILR,OtsAC20SILR_0383,9/25/2020,383,
OtsAC20SILR,OtsAC20SILR_0384,9/25/2020,384,
OtsAC20SILR,OtsAC20SILR_0385,9/25/2020,385,
OtsAC20SILR,OtsAC20SILR_0386,9/25/2020,386,
OtsAC20SILR,OtsAC20SILR_0387,9/25/2020,387,
OtsAC20SILR,OtsAC20SILR_0388,9/25/2020,388,
OtsAC20SILR,OtsAC20SILR_0389,9/25/2020,389,
OtsAC20SILR,OtsAC20SILR_0390,9/25/2020,390,
OtsAC20SILR,OtsAC20SILR_0391,9/25/2020,391,
OtsAC20SILR,OtsAC20SILR_0392,9/25/2020,392,
OtsAC20SILR,OtsAC20SILR_0393,9/28/2020,393,
OtsAC20SILR,OtsAC20SILR_0394,9/28/2020,394,
OtsAC20SILR,OtsAC20SILR_0395,9/28/2020,395,
OtsAC20SILR,OtsAC20SILR_0396,9/28/2020,396,
OtsAC20SILR,OtsAC20SILR_0397,10/1/2020,397,
OtsAC20SILR,OtsAC20SILR_0398,10/1/2020,398,
OtsAC20SILR,OtsAC20SILR_0399,10/5/2020,399,
OtsAC20SILR,OtsAC20SILR_0400,10/5/2020,400,
OtsAC20SILR,OtsAC20SILR_0401,10/12/2020,401,
OtsAC20SILR,OtsAC20SILR_0402,10/22/2020,402,
OtsAC20SILR,OtsAC20SILR_0403,10/22/2020,403,
OtsAC20SILR,OtsAC20SILR_1002,10/2/2020,,Ichwhit
OtsAC20SILR,OtsAC20SILR_1003,10/2/2020,,Ichwhit
OtsAC20SILR,OtsAC20SILR_1004,10/2/2020,,Ichwhit
OtsAC20SILR,OtsAC20SILR_1005,10/2/2020,,Ichwhit
OtsAC20SILR,OtsAC20SILR_1006,10/3/2020,,Ichwhit
OtsAC20SILR,OtsAC20SILR_1007,10/3/2020,,Ichwhit
OtsAC20SILR,OtsAC20SILR_1008,10/3/2020,,Ichwhit
OtsAC20SILR,OtsAC20SILR_1009,10/3/2020,,Ichwhit
OtsAC20SILR,OtsAC20SILR_1010,10/3/2020,,Ichwhit
OtsAC20SILR,OtsAC20SILR_1011,10/3/2020,,Ichwhit
OtsAC20SILR,OtsAC20SILR_1012,10/6/2020,,Ichwhit
OtsAC20SILR,OtsAC20SILR_1013,10/6/2020,,Ichwhit
OtsAC20SILR,OtsAC20SILR_1014,10/6/2020,,Ichwhit
OtsAC20SILR,OtsAC20SILR_1015,10/6/2020,,Ichwhit
OtsAC20SILR,OtsAC20SILR_1016,10/6/2020,,Ichwhit
OtsAC20SILR,OtsAC20SILR_1017,10/6/2020,,Ichwhit
OtsAC20SILR,OtsAC20SILR_1018,10/6/2020,,Ichwhit
OtsAC20SILR,OtsAC20SILR_1019,10/7/2020,,Ichwhit
OtsAC20SILR,OtsAC20SILR_1020,10/7/2020,,Ichwhit
OtsAC20SILR,OtsAC20SILR_1021,10/7/2020,,Ichwhit
OtsAC20SILR,OtsAC20SILR_1022,10/7/2020,,Ichwhit
OtsAC20SILR,OtsAC20SILR_1023,10/7/2020,,Ichwhit
OtsAC20SILR,OtsAC20SILR_1024,10/7/2020,,Ichwhit Paper
OtsAC20SILR,OtsAC20SILR_1025,10/7/2020,,Ichwhit
OtsAC20SILR,OtsAC20SILR_1026,10/8/2020,,Ichwhit
OtsAC20SILR,OtsAC20SILR_1027,10/8/2020,,Ichwhit
OtsAC20SILR,OtsAC20SILR_1028,10/9/2020,,Ichwhit
OtsAC20SILR,OtsAC20SILR_1029,10/9/2020,,Ichwhit
OtsAC20SILR,OtsAC20SILR_1030,10/9/2020,,Ichwhit
OtsAC20SILR,OtsAC20SILR_1031,10/10/2020,,Ichwhit
OtsAC20SILR,OtsAC20SILR_1032,10/10/2020,,Ichwhit
OtsAC20SILR,OtsAC20SILR_1033,10/13/2020,,Jack morgan
OtsAC20SILR,OtsAC20SILR_1034,10/13/2020,,Jack morgan
OtsAC20SILR,OtsAC20SILR_1035,10/13/2020,,Jack morgan
OtsAC20SILR,OtsAC20SILR_1036,10/13/2020,,Ichwhit
OtsAC20SILR,OtsAC20SILR_1037,10/14/2020,,Jack morgan
OtsAC20SILR,OtsAC20SILR_1038,10/14/2020,,Jack morgan
OtsAC20SILR,OtsAC20SILR_1039,10/14/2020,,Jack morgan
OtsAC20SILR,OtsAC20SILR_1040,10/14/2020,,Jack morgan
OtsAC20SILR,OtsAC20SILR_1041,10/14/2020,,Jack morgan
OtsAC20SILR,OtsAC20SILR_1042,10/14/2020,,Jack morgan
OtsAC20SILR,OtsAC20SILR_1043,10/14/2020,,Jack morgan
OtsAC20SILR,OtsAC20SILR_1044,10/14/2020,,Jack morgan
OtsAC20SILR,OtsAC20SILR_1045,10/15/2020,,Jack morgan
OtsAC20SILR,OtsAC20SILR_1046,10/15/2020,,Jack morgan
OtsAC20SILR,OtsAC20SILR_1047,10/15/2020,,Jack morgan
OtsAC20SILR,OtsAC20SILR_1048,10/15/2020,,Jack morgan
OtsAC20SILR,OtsAC20SILR_1049,10/15/2020,,Jack morgan
OtsAC20SILR,OtsAC20SILR_1050,10/15/2020,,Jack morgan
OtsAC20SILR,OtsAC20SILR_1051,10/2/2020,,Chinook Bend
OtsAC20SILR,OtsAC20SILR_1052,10/2/2020,,Chinook Bend
OtsAC20SILR,OtsAC20SILR_1053,10/2/2020,,Coyote Rock
OtsAC20SILR,OtsAC20SILR_1054,10/2/2020,,Coyote Rock
OtsAC20SILR,OtsAC20SILR_1055,10/2/2020,,Coyote Rock
OtsAC20SILR,OtsAC20SILR_1056,10/2/2020,,Coyote Rock
OtsAC20SILR,OtsAC20SILR_1057,10/2/2020,,Chinook Bend
OtsAC20SILR,OtsAC20SILR_1058,10/3/2020,,Ichwhit
OtsAC20SILR,OtsAC20SILR_1059,10/3/2020,,Coyote Rock
OtsAC20SILR,OtsAC20SILR_1060,10/3/2020,,Coyote Rock
OtsAC20SILR,OtsAC20SILR_1061,10/3/2020,,Coyote Rock
OtsAC20SILR,OtsAC20SILR_1062,10/3/2020,,Chinook Bend
OtsAC20SILR,OtsAC20SILR_1063,10/3/2020,,Chinook Bend
OtsAC20SILR,OtsAC20SILR_1064,10/3/2020,,Chinook Bend
OtsAC20SILR,OtsAC20SILR_1065,10/3/2020,,Chinook Bend
OtsAC20SILR,OtsAC20SILR_1066,10/4/2020,,Chinook Bend
OtsAC20SILR,OtsAC20SILR_1067,10/4/2020,,Ichwhit
OtsAC20SILR,OtsAC20SILR_1068,10/4/2020,,Ichwhit
OtsAC20SILR,OtsAC20SILR_1069,10/4/2020,,Ichwhit
OtsAC20SILR,OtsAC20SILR_1070,10/4/2020,,Chinook Bend
OtsAC20SILR,OtsAC20SILR_1071,10/7/2020,,Chinook Bend
OtsAC20SILR,OtsAC20SILR_1072,10/21/2020,,Ichwhit
OtsAC20SILR,OtsAC20SILR_1073,11/4/2020,,Jack morgan
OtsAC20SILR,OtsAC20SILR_1074,10/23/2020,,Strome
OtsAC20SILR,OtsAC20SILR_1075,10/23/2020,,Strome
OtsAC20SILR,OtsAC20SILR_1076,10/23/2020,,Strome
OtsAC20SILR,OtsAC20SILR_1077,10/23/2020,,Strome
OtsAC20SILR,OtsAC20SILR_1078,10/23/2020,,Strome
OtsAC20SILR,OtsAC20SILR_1079,10/23/2020,,Strome
OtsAC20SILR,OtsAC20SILR_1080,10/23/2020,,Strome
OtsAC20SILR,OtsAC20SILR_1081,10/23/2020,,Strome
OtsAC20SILR,OtsAC20SILR_1082,10/23/2020,,"Strome, Paper"
OtsAC20SILR,OtsAC20SILR_1083,10/24/2020,,Strome
OtsAC20SILR,OtsAC20SILR_1084,11/4/2020,,Jack morgan
OtsAC20SILR,OtsAC20SILR_1085,10/24/2020,,Strome
OtsAC20SILR,OtsAC20SILR_1086,10/24/2020,,Strome
OtsAC20SILR,OtsAC20SILR_1087,10/24/2020,,Strome
OtsAC20SILR,OtsAC20SILR_1088,10/24/2020,,Strome
OtsAC20SILR,OtsAC20SILR_1089,10/24/2020,,Strome
OtsAC20SILR,OtsAC20SILR_1090,10/24/2020,,Strome
OtsAC20SILR,OtsAC20SILR_1091,10/24/2020,,Strome
OtsAC20SILR,OtsAC20SILR_1092,10/29/2020,,Strome
OtsAC20SILR,OtsAC20SILR_1093,10/29/2020,,Ichwhit
OtsAC20SILR,OtsAC20SILR_1094,10/30/2020,,Strome
OtsAC20SILR,OtsAC20SILR_1095,10/30/2020,,Strome
OtsAC20SILR,OtsAC20SILR_1096,11/4/2020,,Jack morgan
OtsAC20SILR,OtsAC20SILR_1097,11/4/2020,,Jack morgan
OtsAC20SILR,OtsAC20SILR_1098,11/7/2020,,Jack morgan
OtsAC20SILR,OtsAC20SILR_1099,11/7/2020,,Jack morgan
OtsAC20SILR,OtsAC20SILR_1100,11/7/2020,,Jack morgan
OtsAC20SILR,OtsAC20SILR_1101,10/2/2020,1001,Ichwhit
OtsAC20NESR,OtsAC20NESR_0001,9/17/2020,1241,Nestucca Bay
OtsAC20NESR,OtsAC20NESR_0002,9/17/2020,1242,Nestucca Bay
OtsAC20NESR,OtsAC20NESR_0003,9/17/2020,1243,Nestucca Bay
OtsAC20NESR,OtsAC20NESR_0004,9/17/2020,1244,Nestucca Bay
OtsAC20NESR,OtsAC20NESR_0005,9/17/2020,1245,Nestucca Bay
OtsAC20NESR,OtsAC20NESR_0006,9/17/2020,1246,Nestucca Bay
OtsAC20NESR,OtsAC20NESR_0007,9/17/2020,1247,Nestucca Bay
OtsAC20NESR,OtsAC20NESR_0008,9/17/2020,1248,Nestucca Bay
OtsAC20NESR,OtsAC20NESR_0009,9/17/2020,1249,Nestucca Bay
OtsAC20NESR,OtsAC20NESR_0010,9/17/2020,1250,Nestucca Bay
OtsAC20NESR,OtsAC20NESR_0011,9/21/2020,1251,Nestucca Bay
OtsAC20NESR,OtsAC20NESR_0012,9/21/2020,1252,Nestucca Bay
OtsAC20NESR,OtsAC20NESR_0013,9/21/2020,1253,Nestucca Bay
OtsAC20NESR,OtsAC20NESR_0014,9/21/2020,1254,Nestucca Bay
OtsAC20NESR,OtsAC20NESR_0015,9/21/2020,1255,Nestucca Bay
OtsAC20NESR,OtsAC20NESR_0016,9/21/2020,1256,Nestucca Bay
OtsAC20NESR,OtsAC20NESR_0017,9/21/2020,1257,Nestucca Bay
OtsAC20NESR,OtsAC20NESR_0018,9/21/2020,1258,Nestucca Bay
OtsAC20NESR,OtsAC20NESR_0019,9/21/2020,1259,Nestucca Bay
OtsAC20NESR,OtsAC20NESR_0020,9/22/2020,1260,Nestucca Bay
OtsAC20NESR,OtsAC20NESR_0021,9/22/2020,1261,Nestucca Bay
OtsAC20NESR,OtsAC20NESR_0022,9/22/2020,1262,Nestucca Bay
OtsAC20NESR,OtsAC20NESR_0023,9/29/2020,1263,Nestucca Bay
OtsAC20NESR,OtsAC20NESR_0024,9/29/2020,1264,Nestucca Bay
OtsAC20NESR,OtsAC20NESR_0025,9/29/2020,1265,Nestucca Bay
OtsAC20NESR,OtsAC20NESR_0026,9/29/2020,1266,Nestucca Bay
OtsAC20NESR,OtsAC20NESR_0027,9/29/2020,1267,Nestucca Bay
OtsAC20NESR,OtsAC20NESR_0028,9/29/2020,1268,Nestucca Bay
OtsAC20NESR,OtsAC20NESR_0029,9/29/2020,1269,Nestucca Bay
OtsAC20NESR,OtsAC20NESR_0030,9/29/2020,1270,Nestucca Bay
OtsCC20NESR,OtsCC20NESR_0001,9/21/2020,1181,Nestucca Bay
OtsCC20NESR,OtsCC20NESR_0002,11/24/2020,1301,Nestucca River
OtsCC20NESR,OtsCC20NESR_0003,11/24/2020,1302,Nestucca River
OtsCC20NESR,OtsCC20NESR_0004,11/24/2020,1303,Nestucca River
OtsCC20NESR,OtsCC20NESR_0005,12/1/2020,1304,Nestucca River
OtsCC20NESR,OtsCC20NESR_0006,12/1/2020,1305,Nestucca River
OtsCC20NESR,OtsCC20NESR_0007,12/1/2020,1306,Nestucca River
OtsCC20NESR,OtsCC20NESR_0008,12/1/2020,1307,Nestucca River
OtsCC20NESR,OtsCC20NESR_0009,12/1/2020,1308,Nestucca River
OtsCC20NESR,OtsCC20NESR_0010,12/1/2020,1309,Nestucca River
OtsCC20NESR,OtsCC20NESR_0011,12/1/2020,1310,Nestucca River
OtsCC20NESR,OtsCC20NESR_0012,12/1/2020,1311,Nestucca River
OtsCC20NESR,OtsCC20NESR_0013,12/1/2020,1312,Nestucca River
OtsCC20NESR,OtsCC20NESR_0014,12/1/2020,1313,Nestucca River
OtsCC20NESR,OtsCC20NESR_0015,12/1/2020,1314,Nestucca River
OtsCC20TRAR,OtsCC20TRAR_0001,11/23/2020,8,South Fk Trask
OtsCC20TRAR,OtsCC20TRAR_0002,11/23/2020,9,South Fk Trask
OtsCC20TRAR,OtsCC20TRAR_0003,11/23/2020,10,South Fk Trask
OtsCC20TRAR,OtsCC20TRAR_0004,11/23/2020,11,South Fk Trask
OtsCC20TRAR,OtsCC20TRAR_0005,11/24/2020,1,Clear Cr. (N Fk Trask)
OtsCC20TRAR,OtsCC20TRAR_0006,11/24/2020,2,Clear Cr. (N Fk Trask)
OtsCC20TRAR,OtsCC20TRAR_0007,11/24/2020,3,Clear Cr. (N Fk Trask)
OtsCC20TRAR,OtsCC20TRAR_0008,11/24/2020,4,Clear Cr. (N Fk Trask)
OtsCC20TRAR,OtsCC20TRAR_0009,11/24/2020,5,North Fk Trask
OtsCC20TRAR,OtsCC20TRAR_0010,11/24/2020,6,North Fk Trask
OtsCC20TRAR,OtsCC20TRAR_0011,11/24/2020,7,North Fk Trask
OtsCC20TRAR,OtsCC20TRAR_0012,9/22/2020,1041,N Fk Trask
OtsCC20TRAR,OtsCC20TRAR_0013,9/22/2020,1031,N Fk Trask
OtsCC20TRAR,OtsCC20TRAR_0014,9/22/2020,1032,N Fk Trask
OtsCC20TRAR,OtsCC20TRAR_0015,9/22/2020,1033,N Fk Trask
OtsCC20TRAR,OtsCC20TRAR_0016,9/23/2020,1042,N Fk Trask
OtsAC20TRAR,OtsAC20TRAR_1001,,1001,Trask Hatchery
OtsAC20TRAR,OtsAC20TRAR_1002,,1002,Trask Hatchery
OtsAC20TRAR,OtsAC20TRAR_1003,,1003,Trask Hatchery
OtsAC20TRAR,OtsAC20TRAR_1004,,1004,Trask Hatchery
OtsAC20TRAR,OtsAC20TRAR_1005,,1005,Trask Hatchery
OtsAC20TRAR,OtsAC20TRAR_1006,,1006,Trask Hatchery
OtsAC20TRAR,OtsAC20TRAR_1007,,1007,Trask Hatchery
OtsAC20TRAR,OtsAC20TRAR_1008,,1008,Trask Hatchery
OtsAC20TRAR,OtsAC20TRAR_1009,,1009,Trask Hatchery
OtsAC20TRAR,OtsAC20TRAR_1010,,1010,Trask Hatchery
OtsAC20TRAR,OtsAC20TRAR_1011,,1011,Trask Hatchery
OtsAC20TRAR,OtsAC20TRAR_1012,,1012,Trask Hatchery
OtsAC20TRAR,OtsAC20TRAR_1013,,1013,Trask Hatchery
OtsAC20TRAR,OtsAC20TRAR_1014,,1014,Trask Hatchery
OtsAC20TRAR,OtsAC20TRAR_1015,,1015,Trask Hatchery
OtsAC20TRAR,OtsAC20TRAR_1016,,1016,Trask Hatchery
OtsAC20TRAR,OtsAC20TRAR_1017,,1017,Trask Hatchery
OtsAC20TRAR,OtsAC20TRAR_1018,,1018,Trask Hatchery
OtsAC20TRAR,OtsAC20TRAR_1019,,1019,Trask Hatchery
OtsAC20TRAR,OtsAC20TRAR_1020,,1020,Trask Hatchery
OtsAC20TRAR,OtsAC20TRAR_1021,,1021,Trask Hatchery
OtsAC20TRAR,OtsAC20TRAR_1022,,1022,Trask Hatchery
OtsAC20TRAR,OtsAC20TRAR_1023,,1023,Trask Hatchery
OtsAC20TRAR,OtsAC20TRAR_1024,,1024,Trask Hatchery
OtsAC20TRAR,OtsAC20TRAR_1025,,1025,Trask Hatchery
OtsAC20TRAR,OtsAC20TRAR_1026,,1026,Trask Hatchery
OtsAC20TRAR,OtsAC20TRAR_1027,,1027,Trask Hatchery
OtsAC20TRAR,OtsAC20TRAR_1028,,1028,Trask Hatchery
OtsAC20TRAR,OtsAC20TRAR_1029,,1029,Trask Hatchery
OtsAC20TRAR,OtsAC20TRAR_1030,,1030,Trask Hatchery
OtsAC20TRAR,OtsAC20TRAR_1031,,1091,Trask Hatchery
OtsAC20TRAR,OtsAC20TRAR_1032,,1092,Trask Hatchery
OtsAC20TRAR,OtsAC20TRAR_1033,,1093,Trask Hatchery
OtsAC20TRAR,OtsAC20TRAR_1034,,1094,Trask Hatchery
OtsAC20TRAR,OtsAC20TRAR_1035,,1095,Trask Hatchery
OtsAC20TRAR,OtsAC20TRAR_1036,,1096,Trask Hatchery
OtsAC20TRAR,OtsAC20TRAR_1037,,1097,Trask Hatchery
OtsAC20TRAR,OtsAC20TRAR_1038,,1098,Trask Hatchery
OtsAC20TRAR,OtsAC20TRAR_1039,,1099,Trask Hatchery
OtsAC20TRAR,OtsAC20TRAR_1040,,1100,Trask Hatchery
OtsAC20TRAR,OtsAC20TRAR_1041,,1101,Trask Hatchery
OtsAC20TRAR,OtsAC20TRAR_1042,,1102,Trask Hatchery
OtsAC20TRAR,OtsAC20TRAR_1043,,1103,Trask Hatchery
OtsAC20TRAR,OtsAC20TRAR_1044,,1104,Trask Hatchery
OtsAC20TRAR,OtsAC20TRAR_1045,,1105,Trask Hatchery
OtsAC20TRAR,OtsAC20TRAR_1046,,1106,Trask Hatchery
OtsAC20TRAR,OtsAC20TRAR_1047,,1107,Trask Hatchery
OtsAC20TRAR,OtsAC20TRAR_1048,,1108,Trask Hatchery
OtsAC20TRAR,OtsAC20TRAR_1049,,1109,Trask Hatchery
OtsAC20TRAR,OtsAC20TRAR_1050,,1110,Trask Hatchery
OtsAC20TRAR,OtsAC20TRAR_1051,,1111,Trask Hatchery
OtsAC20TRAR,OtsAC20TRAR_1052,,1112,Trask Hatchery
OtsAC20TRAR,OtsAC20TRAR_1053,,1113,Trask Hatchery
OtsAC20TRAR,OtsAC20TRAR_1054,,1114,Trask Hatchery
OtsAC20TRAR,OtsAC20TRAR_1055,,1115,Trask Hatchery
OtsAC20TRAR,OtsAC20TRAR_1056,,1116,Trask Hatchery
OtsAC20TRAR,OtsAC20TRAR_1057,,1117,Trask Hatchery
OtsAC20TRAR,OtsAC20TRAR_1058,,1118,Trask Hatchery
OtsAC20TRAR,OtsAC20TRAR_1059,,1119,Trask Hatchery
OtsAC20TRAR,OtsAC20TRAR_1060,,1120,Trask Hatchery
OtsAC20TRAR,OtsAC20TRAR_1061,,100,Trask Hatchery
OtsAC20TRAR,OtsAC20TRAR_1062,,101,Trask Hatchery
OtsAC20TRAR,OtsAC20TRAR_1063,,102,Trask Hatchery
OtsAC20TRAR,OtsAC20TRAR_1064,,103,Trask Hatchery
OtsAC20TRAR,OtsAC20TRAR_1065,,104,Trask Hatchery
OtsAC20TRAR,OtsAC20TRAR_1066,,105,Trask Hatchery
OtsAC20TRAR,OtsAC20TRAR_1067,,106,Trask Hatchery
OtsAC20TRAR,OtsAC20TRAR_1068,,107,Trask Hatchery
OtsAC20TRAR,OtsAC20TRAR_1069,,108,Trask Hatchery
OtsAC20TRAR,OtsAC20TRAR_1070,,109,Trask Hatchery
OtsAC20TRAR,OtsAC20TRAR_1071,,110,Trask Hatchery
OtsAC20TRAR,OtsAC20TRAR_1072,,111,Trask Hatchery
OtsAC20TRAR,OtsAC20TRAR_1073,,112,Trask Hatchery
OtsAC20TRAR,OtsAC20TRAR_1074,,113,Trask Hatchery
