Library Name / ID,Index 1 (i7) sequence,Index 2 (i5) sequence
OtsAC20TRAR_0001,CGGATG,AAACGG
OtsAC20TRAR_0002,CGGATG,ACTCTT
OtsAC20TRAR_0003,CGGATG,ATTCCG
OtsAC20TRAR_0004,CGGATG,CGAGGC
OtsAC20TRAR_0005,CGGATG,GAAATG
OtsAC20TRAR_0006,CGGATG,GGACTT
OtsAC20TRAR_0007,CGGATG,TAAGCT
OtsAC20TRAR_0008,CGGATG,TCTTCT
OtsAC20TRAR_0009,CGGATG,AACGTT
OtsAC20TRAR_0010,CGGATG,ACTGGC
OtsAC20TRAR_0011,CGGATG,CAAAAA
OtsAC20TRAR_0012,CGGATG,CGCAGA
OtsAC20TRAR_0013,CGGATG,GAACCA
OtsAC20TRAR_0014,CGGATG,GGCAAG
OtsAC20TRAR_0015,CGGATG,TAATTC
OtsAC20TRAR_0016,CGGATG,TGAACC
OtsAC20TRAR_0017,CGGATG,AACTGA
OtsAC20TRAR_0018,CGGATG,AGCCAT
OtsAC20TRAR_0019,CGGATG,CAATCG
OtsAC20TRAR_0020,CGGATG,CGCGTG
OtsAC20TRAR_0021,CGGATG,GACGAC
OtsAC20TRAR_0022,CGGATG,GGGCGC
OtsAC20TRAR_0023,CGGATG,TACACA
OtsAC20TRAR_0024,CGGATG,TGACAA
OtsAC20TRAR_0025,CGGATG,AAGACG
OtsAC20TRAR_0026,CGGATG,AGCGCA
OtsAC20TRAR_0027,CGGATG,CACCTC
OtsAC20TRAR_0028,CGGATG,CGGTCC
OtsAC20TRAR_0029,CGGATG,GACTCT
OtsAC20TRAR_0030,CGGATG,GGGGCG
OtsAC20TRAR_0031,CGGATG,TACGGG
OtsAC20TRAR_0032,CGGATG,TGCCCG
OtsAC20TRAR_0033,CGGATG,AAGCTA
OtsAC20TRAR_0034,CGGATG,AGGGTC
OtsAC20TRAR_0035,CGGATG,CAGGCA
OtsAC20TRAR_0036,CGGATG,CGTCTA
OtsAC20TRAR_0037,CGGATG,GAGAGA
OtsAC20TRAR_0038,CGGATG,GGTACA
OtsAC20TRAR_0039,CGGATG,TAGTAT
OtsAC20TRAR_0040,CGGATG,TGCTTA
OtsAC20TRAR_0041,CGGATG,AATATC
OtsAC20TRAR_0042,CGGATG,AGGTGT
OtsAC20TRAR_0043,CGGATG,CATACT
OtsAC20TRAR_0044,CGGATG,CGTGAT
OtsAC20TRAR_0045,CGGATG,AATCGT
OtsAC20TRAR_0046,CGGATG,GGTTTG
OtsAC20TRAR_0047,CGGATG,TATCAC
OtsAC20TRAR_0048,CGGATG,TGGGGA
OtsAC20SILR_0001,CGGATG,AATGAG
OtsAC20SILR_0002,CGGATG,AGTAGG
OtsAC20SILR_0003,CGGATG,CCATTT
OtsAC20SILR_0004,CGGATG,CTACAG
OtsAC20SILR_0005,CGGATG,GCAGAT
OtsAC20SILR_0006,CGGATG,GTAAGT
OtsAC20SILR_0007,CGGATG,TCAAAG
OtsAC20SILR_0008,CGGATG,TTATGA
OtsAC20SILR_0009,CGGATG,ACAAGA
OtsAC20SILR_0010,CGGATG,AGTTAA
OtsAC20SILR_0011,CGGATG,CCCGGT
OtsAC20SILR_0012,CGGATG,CTCGCC
OtsAC20SILR_0013,CGGATG,GCATGG
OtsAC20SILR_0014,CGGATG,GTATCC
OtsAC20SILR_0015,CGGATG,TCCTGC
OtsAC20SILR_0016,CGGATG,TTCCGT
OtsAC20SILR_0017,CGGATG,ACAGCG
OtsAC20SILR_0018,CGGATG,ATAGTA
OtsAC20SILR_0019,CGGATG,CCCTAA
OtsAC20SILR_0020,CGGATG,CTGCGA
OtsAC20SILR_0021,CGGATG,GCCGTA
OtsAC20SILR_0022,CGGATG,GTCATC
OtsAC20SILR_0023,CGGATG,TCGATT
OtsAC20SILR_0024,CGGATG,TTCTAG
OtsAC20SILR_0025,CGGATG,ACATAC
OtsAC20SILR_0026,CGGATG,ATCAAA
OtsAC20SILR_0027,CGGATG,CCGAGG
OtsAC20SILR_0028,CGGATG,CTGGTT
OtsAC20SILR_0029,CGGATG,GCGACC
OtsAC20SILR_0030,CGGATG,GTGCCT
OtsAC20SILR_0031,CGGATG,TCGCCA
OtsAC20SILR_0032,CGGATG,TTGAGC
OtsAC20SILR_0033,CGGATG,ACCATG
OtsAC20SILR_0034,CGGATG,ATGCAC
OtsAC20SILR_0035,CGGATG,CCGCAT
OtsAC20SILR_0036,CGGATG,CTTATG
OtsAC20SILR_0037,CGGATG,GCGCTG
OtsAC20SILR_0038,CGGATG,GTGTAA
OtsAC20SILR_0039,CGGATG,TCGGAC
OtsAC20SILR_0040,CGGATG,TTTAAT
OtsAC20SILR_0041,CGGATG,ACCCCC
OtsAC20SILR_0042,CGGATG,ATGTTG
OtsAC20SILR_0043,CGGATG,CCTAAC
OtsAC20SILR_0044,CGGATG,CTTTGC
OtsAC20SILR_1001,CGGATG,GCTCAA
Blank,CGGATG,GTTGGA
negative11,CGGATG,TCTCGG
positive11,CGGATG,TTTGTC
OtsAC20NESR_0051,AATGTC,AAACGG
OtsAC20NESR_0052,AATGTC,ACTCTT
OtsAC20NESR_0053,AATGTC,ATTCCG
OtsAC20NESR_0054,AATGTC,CGAGGC
OtsAC20NESR_0055,AATGTC,GAAATG
OtsAC20NESR_0056,AATGTC,GGACTT
OtsAC20NESR_0057,AATGTC,TAAGCT
OtsAC20NESR_0058,AATGTC,TCTTCT
OtsAC20NESR_0059,AATGTC,AACGTT
OtsAC20NESR_0060,AATGTC,ACTGGC
OtsAC20NESR_0061,AATGTC,CAAAAA
OtsAC20NESR_0062,AATGTC,CGCAGA
OtsAC20NESR_0063,AATGTC,GAACCA
OtsAC20NESR_0064,AATGTC,GGCAAG
OtsAC20NESR_0065,AATGTC,TAATTC
OtsAC20NESR_0066,AATGTC,TGAACC
OtsAC20NESR_0067,AATGTC,AACTGA
OtsAC20NESR_0068,AATGTC,AGCCAT
OtsAC20NESR_0069,AATGTC,CAATCG
OtsAC20NESR_0070,AATGTC,CGCGTG
OtsAC20NESR_0071,AATGTC,GACGAC
OtsAC20NESR_0072,AATGTC,GGGCGC
OtsAC20NESR_0073,AATGTC,TACACA
OtsAC20NESR_0074,AATGTC,TGACAA
OtsAC20NESR_0075,AATGTC,AAGACG
OtsAC20NESR_0076,AATGTC,AGCGCA
OtsAC20NESR_0077,AATGTC,CACCTC
OtsAC20NESR_0078,AATGTC,CGGTCC
OtsAC20NESR_0079,AATGTC,GACTCT
OtsAC20NESR_0080,AATGTC,GGGGCG
OtsAC20TRAR_0001,AATGTC,TACGGG
OtsAC20TRAR_0003,AATGTC,TGCCCG
OtsAC20TRAR_0005,AATGTC,AAGCTA
OtsAC20TRAR_0007,AATGTC,AGGGTC
OtsAC20TRAR_0009,AATGTC,CAGGCA
OtsAC20TRAR_0011,AATGTC,CGTCTA
OtsAC20TRAR_0013,AATGTC,GAGAGA
OtsAC20TRAR_0015,AATGTC,GGTACA
OtsAC20TRAR_0017,AATGTC,TAGTAT
OtsAC20TRAR_0019,AATGTC,TGCTTA
OtsAC20TRAR_0021,AATGTC,AATATC
OtsAC20TRAR_0023,AATGTC,AGGTGT
OtsAC20TRAR_0025,AATGTC,CATACT
OtsAC20TRAR_0027,AATGTC,CGTGAT
OtsAC20TRAR_0029,AATGTC,AATCGT
OtsAC20TRAR_0031,AATGTC,GGTTTG
OtsAC20TRAR_0033,AATGTC,TATCAC
OtsAC20TRAR_0035,AATGTC,TGGGGA
OtsAC20TRAR_0037,AATGTC,AATGAG
OtsAC20TRAR_0039,AATGTC,AGTAGG
OtsAC20TRAR_0041,AATGTC,CCATTT
OtsAC20TRAR_0043,AATGTC,CTACAG
OtsAC20TRAR_0045,AATGTC,GCAGAT
OtsAC20TRAR_0047,AATGTC,GTAAGT
OtsAC20SILR_0001,AATGTC,TCAAAG
OtsAC20SILR_0003,AATGTC,TTATGA
OtsAC20SILR_0005,AATGTC,ACAAGA
OtsAC20SILR_0007,AATGTC,AGTTAA
OtsAC20SILR_0009,AATGTC,CCCGGT
OtsAC20SILR_0011,AATGTC,CTCGCC
OtsAC20SILR_0013,AATGTC,GCATGG
OtsAC20SILR_0016,AATGTC,GTATCC
OtsAC20SILR_0017,AATGTC,TCCTGC
OtsAC20SILR_0019,AATGTC,TTCCGT
OtsAC20SILR_0021,AATGTC,ACAGCG
OtsAC20SILR_0023,AATGTC,ATAGTA
OtsAC20SILR_0025,AATGTC,CCCTAA
OtsAC20SILR_0027,AATGTC,CTGCGA
OtsAC20SILR_0029,AATGTC,GCCGTA
OtsAC20SILR_0031,AATGTC,GTCATC
OtsAC20SILR_0033,AATGTC,TCGATT
OtsAC20SILR_0035,AATGTC,TTCTAG
OtsAC20SILR_0037,AATGTC,ACATAC
OtsAC20SILR_0039,AATGTC,ATCAAA
OtsAC20SILR_0041,AATGTC,CCGAGG
OtsAC20SILR_0043,AATGTC,CTGGTT
OtsAC20SILR_1001,AATGTC,GCGACC
OtsAC20NESR_0051,AATGTC,GTGCCT
OtsAC20NESR_0053,AATGTC,TCGCCA
OtsAC20NESR_0055,AATGTC,TTGAGC
OtsAC20NESR_0057,AATGTC,ACCATG
OtsAC20NESR_0059,AATGTC,ATGCAC
OtsAC20NESR_0061,AATGTC,CCGCAT
OtsAC20NESR_0063,AATGTC,CTTATG
OtsAC20NESR_0065,AATGTC,GCGCTG
OtsAC20NESR_0067,AATGTC,GTGTAA
OtsAC20NESR_0069,AATGTC,TCGGAC
OtsAC20NESR_0071,AATGTC,TTTAAT
OtsAC20NESR_0073,AATGTC,ACCCCC
OtsAC20NESR_0075,AATGTC,ATGTTG
OtsAC20NESR_0077,AATGTC,CCTAAC
OtsAC20NESR_0079,AATGTC,CTTTGC
Blank,AATGTC,GCTCAA
Blank,AATGTC,GTTGGA
negative12,AATGTC,TCTCGG
positive12,AATGTC,TTTGTC
OtsAC20SILR_0044,ACGAAG,AAACGG
OtsAC20SILR_0045,ACGAAG,ACTCTT
OtsAC20SILR_0046,ACGAAG,ATTCCG
OtsAC20SILR_0047,ACGAAG,CGAGGC
OtsAC20SILR_0048,ACGAAG,GAAATG
OtsAC20SILR_0049,ACGAAG,GGACTT
OtsAC20SILR_0050,ACGAAG,TAAGCT
OtsAC20SILR_0051,ACGAAG,TCTTCT
OtsAC20SILR_0052,ACGAAG,AACGTT
OtsAC20SILR_0053,ACGAAG,ACTGGC
OtsAC20SILR_0054,ACGAAG,CAAAAA
OtsAC20SILR_0055,ACGAAG,CGCAGA
OtsAC20SILR_0056,ACGAAG,GAACCA
OtsAC20SILR_0057,ACGAAG,GGCAAG
OtsAC20SILR_0058,ACGAAG,TAATTC
OtsAC20SILR_0059,ACGAAG,TGAACC
OtsAC20SILR_0060,ACGAAG,AACTGA
OtsAC20SILR_0061,ACGAAG,AGCCAT
OtsAC20SILR_0062,ACGAAG,CAATCG
OtsAC20SILR_0063,ACGAAG,CGCGTG
OtsAC20SILR_0064,ACGAAG,GACGAC
OtsAC20SILR_0065,ACGAAG,GGGCGC
OtsAC20SILR_0066,ACGAAG,TACACA
OtsAC20SILR_0067,ACGAAG,TGACAA
OtsAC20SILR_0068,ACGAAG,AAGACG
OtsAC20SILR_0069,ACGAAG,AGCGCA
OtsAC20SILR_0070,ACGAAG,CACCTC
OtsAC20SILR_0071,ACGAAG,CGGTCC
OtsAC20SILR_0072,ACGAAG,GACTCT
OtsAC20SILR_0073,ACGAAG,GGGGCG
OtsAC20SILR_0074,ACGAAG,TACGGG
OtsAC20SILR_0075,ACGAAG,TGCCCG
OtsAC20SILR_0076,ACGAAG,AAGCTA
OtsAC20SILR_0077,ACGAAG,AGGGTC
OtsAC20SILR_0078,ACGAAG,CAGGCA
OtsAC20SILR_0079,ACGAAG,CGTCTA
OtsAC20SILR_0080,ACGAAG,GAGAGA
OtsAC20SILR_0081,ACGAAG,GGTACA
OtsAC20SILR_0082,ACGAAG,TAGTAT
OtsAC20SILR_0083,ACGAAG,TGCTTA
OtsAC20SILR_0084,ACGAAG,AATATC
OtsAC20SILR_0085,ACGAAG,AGGTGT
OtsAC20SILR_0086,ACGAAG,CATACT
OtsAC20SILR_0087,ACGAAG,CGTGAT
OtsAC20SILR_0088,ACGAAG,AATCGT
OtsAC20SILR_0089,ACGAAG,GGTTTG
OtsAC20SILR_0090,ACGAAG,TATCAC
OtsAC20SILR_0091,ACGAAG,TGGGGA
OtsAC20SILR_0092,ACGAAG,AATGAG
OtsAC20SILR_0093,ACGAAG,AGTAGG
OtsAC20SILR_0094,ACGAAG,CCATTT
OtsAC20SILR_0095,ACGAAG,CTACAG
OtsAC20SILR_0096,ACGAAG,GCAGAT
OtsAC20SILR_0097,ACGAAG,GTAAGT
OtsAC20SILR_0098,ACGAAG,TCAAAG
OtsAC20SILR_0099,ACGAAG,TTATGA
OtsAC20SILR_0100,ACGAAG,ACAAGA
OtsAC20SILR_0101,ACGAAG,AGTTAA
OtsAC20SILR_0102,ACGAAG,CCCGGT
OtsAC20SILR_0103,ACGAAG,CTCGCC
OtsAC20SILR_0104,ACGAAG,GCATGG
OtsAC20SILR_0105,ACGAAG,GTATCC
OtsAC20SILR_0106,ACGAAG,TCCTGC
OtsAC20SILR_0107,ACGAAG,TTCCGT
OtsAC20SILR_0108,ACGAAG,ACAGCG
OtsAC20SILR_0109,ACGAAG,ATAGTA
OtsAC20SILR_0110,ACGAAG,CCCTAA
OtsAC20SILR_0111,ACGAAG,CTGCGA
OtsAC20SILR_0112,ACGAAG,GCCGTA
OtsAC20SILR_0113,ACGAAG,GTCATC
OtsAC20SILR_0114,ACGAAG,TCGATT
OtsAC20SILR_0115,ACGAAG,TTCTAG
OtsAC20SILR_0116,ACGAAG,ACATAC
OtsAC20SILR_0117,ACGAAG,ATCAAA
OtsAC20SILR_0118,ACGAAG,CCGAGG
OtsAC20SILR_0119,ACGAAG,CTGGTT
OtsAC20SILR_0120,ACGAAG,GCGACC
OtsAC20SILR_0121,ACGAAG,GTGCCT
OtsAC20SILR_0122,ACGAAG,TCGCCA
OtsAC20SILR_0123,ACGAAG,TTGAGC
OtsAC20SILR_0124,ACGAAG,ACCATG
OtsAC20SILR_0125,ACGAAG,ATGCAC
OtsAC20SILR_0126,ACGAAG,CCGCAT
OtsAC20SILR_0127,ACGAAG,CTTATG
OtsAC20SILR_0128,ACGAAG,GCGCTG
OtsAC20SILR_0129,ACGAAG,GTGTAA
OtsAC20SILR_0130,ACGAAG,TCGGAC
OtsAC20SILR_0131,ACGAAG,TTTAAT
OtsAC20SILR_0132,ACGAAG,ACCCCC
OtsAC20SILR_0133,ACGAAG,ATGTTG
OtsAC20SILR_0134,ACGAAG,CCTAAC
OtsAC20SILR_0135,ACGAAG,CTTTGC
OtsAC20SILR_0136,ACGAAG,GCTCAA
OtsAC20SILR_0137,ACGAAG,GTTGGA
negative17,ACGAAG,TCTCGG
positive17,ACGAAG,TTTGTC
OtsAC20SILR_0138,AAGCAC,AAACGG
OtsAC20SILR_0139,AAGCAC,ACTCTT
OtsAC20SILR_0140,AAGCAC,ATTCCG
OtsAC20SILR_0141,AAGCAC,CGAGGC
OtsAC20SILR_0142,AAGCAC,GAAATG
OtsAC20SILR_0143,AAGCAC,GGACTT
OtsAC20SILR_0144,AAGCAC,TAAGCT
OtsAC20SILR_0145,AAGCAC,TCTTCT
OtsAC20SILR_0146,AAGCAC,AACGTT
OtsAC20SILR_0147,AAGCAC,ACTGGC
OtsAC20SILR_0148,AAGCAC,CAAAAA
OtsAC20SILR_0149,AAGCAC,CGCAGA
OtsAC20SILR_0150,AAGCAC,GAACCA
OtsAC20SILR_0151,AAGCAC,GGCAAG
OtsAC20SILR_0152,AAGCAC,TAATTC
OtsAC20SILR_0153,AAGCAC,TGAACC
OtsAC20SILR_0154,AAGCAC,AACTGA
OtsAC20SILR_0155,AAGCAC,AGCCAT
OtsAC20SILR_0156,AAGCAC,CAATCG
OtsAC20SILR_0157,AAGCAC,CGCGTG
OtsAC20SILR_0158,AAGCAC,GACGAC
OtsAC20SILR_0159,AAGCAC,GGGCGC
OtsAC20SILR_0160,AAGCAC,TACACA
OtsAC20SILR_0161,AAGCAC,TGACAA
OtsAC20SILR_0162,AAGCAC,AAGACG
OtsAC20SILR_0163,AAGCAC,AGCGCA
OtsAC20SILR_0164,AAGCAC,CACCTC
OtsAC20SILR_0165,AAGCAC,CGGTCC
OtsAC20SILR_0166,AAGCAC,GACTCT
OtsAC20SILR_0167,AAGCAC,GGGGCG
OtsAC20SILR_0168,AAGCAC,TACGGG
OtsAC20SILR_0169,AAGCAC,TGCCCG
OtsAC20SILR_0170,AAGCAC,AAGCTA
OtsAC20SILR_0171,AAGCAC,AGGGTC
OtsAC20SILR_0172,AAGCAC,CAGGCA
OtsAC20SILR_0173,AAGCAC,CGTCTA
OtsAC20SILR_0174,AAGCAC,GAGAGA
OtsAC20SILR_0175,AAGCAC,GGTACA
OtsAC20SILR_0176,AAGCAC,TAGTAT
OtsAC20SILR_0177,AAGCAC,TGCTTA
OtsAC20SILR_0178,AAGCAC,AATATC
OtsAC20SILR_0179,AAGCAC,AGGTGT
OtsAC20SILR_0180,AAGCAC,CATACT
OtsAC20SILR_0181,AAGCAC,CGTGAT
OtsAC20SILR_0182,AAGCAC,AATCGT
OtsAC20SILR_0183,AAGCAC,GGTTTG
OtsAC20SILR_0184,AAGCAC,TATCAC
OtsAC20SILR_0185,AAGCAC,TGGGGA
OtsAC20SILR_0186,AAGCAC,AATGAG
OtsAC20SILR_0187,AAGCAC,AGTAGG
OtsAC20SILR_0188,AAGCAC,CCATTT
OtsAC20SILR_0189,AAGCAC,CTACAG
OtsAC20SILR_0190,AAGCAC,GCAGAT
OtsAC20SILR_0191,AAGCAC,GTAAGT
OtsAC20SILR_0192,AAGCAC,TCAAAG
OtsAC20SILR_0193,AAGCAC,TTATGA
OtsAC20SILR_0194,AAGCAC,ACAAGA
OtsAC20SILR_0195,AAGCAC,AGTTAA
OtsAC20SILR_0196,AAGCAC,CCCGGT
OtsAC20SILR_0197,AAGCAC,CTCGCC
OtsAC20SILR_0198,AAGCAC,GCATGG
OtsAC20SILR_0199,AAGCAC,GTATCC
OtsAC20SILR_0200,AAGCAC,TCCTGC
OtsAC20SILR_0201,AAGCAC,TTCCGT
OtsAC20SILR_0202,AAGCAC,ACAGCG
OtsAC20SILR_0203,AAGCAC,ATAGTA
OtsAC20SILR_0204,AAGCAC,CCCTAA
OtsAC20SILR_0205,AAGCAC,CTGCGA
OtsAC20SILR_0206,AAGCAC,GCCGTA
OtsAC20SILR_0207,AAGCAC,GTCATC
OtsAC20SILR_0208,AAGCAC,TCGATT
OtsAC20SILR_0209,AAGCAC,TTCTAG
OtsAC20SILR_0210,AAGCAC,ACATAC
OtsAC20SILR_0211,AAGCAC,ATCAAA
OtsAC20SILR_0212,AAGCAC,CCGAGG
OtsAC20SILR_0213,AAGCAC,CTGGTT
OtsAC20SILR_0214,AAGCAC,GCGACC
OtsAC20SILR_0215,AAGCAC,GTGCCT
OtsAC20SILR_0216,AAGCAC,TCGCCA
OtsAC20SILR_0217,AAGCAC,TTGAGC
OtsAC20SILR_0218,AAGCAC,ACCATG
OtsAC20SILR_0219,AAGCAC,ATGCAC
OtsAC20SILR_0220,AAGCAC,CCGCAT
OtsAC20SILR_0221,AAGCAC,CTTATG
OtsAC20SILR_0222,AAGCAC,GCGCTG
OtsAC20SILR_0223,AAGCAC,GTGTAA
OtsAC20SILR_0224,AAGCAC,TCGGAC
OtsAC20SILR_0225,AAGCAC,TTTAAT
OtsAC20SILR_0226,AAGCAC,ACCCCC
OtsAC20SILR_0227,AAGCAC,ATGTTG
OtsAC20SILR_0228,AAGCAC,CCTAAC
OtsAC20SILR_0229,AAGCAC,CTTTGC
OtsAC20SILR_0230,AAGCAC,GCTCAA
OtsAC20SILR_0231,AAGCAC,GTTGGA
negative18,AAGCAC,TCTCGG
positive18,AAGCAC,TTTGTC
OtsAC20SILR_0232,CAGGTT,AAACGG
OtsAC20SILR_0233,CAGGTT,ACTCTT
OtsAC20SILR_0234,CAGGTT,ATTCCG
OtsAC20SILR_0235,CAGGTT,CGAGGC
OtsAC20SILR_0236,CAGGTT,GAAATG
OtsAC20SILR_0237,CAGGTT,GGACTT
OtsAC20SILR_0238,CAGGTT,TAAGCT
OtsAC20SILR_0239,CAGGTT,TCTTCT
OtsAC20SILR_0240,CAGGTT,AACGTT
OtsAC20SILR_0241,CAGGTT,ACTGGC
OtsAC20SILR_0242,CAGGTT,CAAAAA
OtsAC20SILR_0243,CAGGTT,CGCAGA
OtsAC20SILR_0244,CAGGTT,GAACCA
OtsAC20SILR_0245,CAGGTT,GGCAAG
OtsAC20SILR_0246,CAGGTT,TAATTC
OtsAC20SILR_0247,CAGGTT,TGAACC
OtsAC20SILR_0248,CAGGTT,AACTGA
OtsAC20SILR_0249,CAGGTT,AGCCAT
OtsAC20SILR_0250,CAGGTT,CAATCG
OtsAC20SILR_0251,CAGGTT,CGCGTG
OtsAC20SILR_0252,CAGGTT,GACGAC
OtsAC20SILR_0253,CAGGTT,GGGCGC
OtsAC20SILR_0254,CAGGTT,TACACA
OtsAC20SILR_0255,CAGGTT,TGACAA
OtsAC20SILR_0256,CAGGTT,AAGACG
OtsAC20SILR_0257,CAGGTT,AGCGCA
OtsAC20SILR_0258,CAGGTT,CACCTC
OtsAC20SILR_0259,CAGGTT,CGGTCC
OtsAC20SILR_0260,CAGGTT,GACTCT
OtsAC20SILR_0261,CAGGTT,GGGGCG
OtsAC20SILR_0262,CAGGTT,TACGGG
OtsAC20SILR_0263,CAGGTT,TGCCCG
OtsAC20SILR_0264,CAGGTT,AAGCTA
OtsAC20SILR_0265,CAGGTT,AGGGTC
OtsAC20SILR_0266,CAGGTT,CAGGCA
OtsAC20SILR_0267,CAGGTT,CGTCTA
OtsAC20SILR_0268,CAGGTT,GAGAGA
OtsAC20SILR_0269,CAGGTT,GGTACA
OtsAC20SILR_0270,CAGGTT,TAGTAT
OtsAC20SILR_0271,CAGGTT,TGCTTA
OtsAC20SILR_0272,CAGGTT,AATATC
OtsAC20SILR_0273,CAGGTT,AGGTGT
OtsAC20SILR_0274,CAGGTT,CATACT
OtsAC20SILR_0275,CAGGTT,CGTGAT
OtsAC20SILR_0276,CAGGTT,AATCGT
OtsAC20SILR_0277,CAGGTT,GGTTTG
OtsAC20SILR_0278,CAGGTT,TATCAC
OtsAC20SILR_0279,CAGGTT,TGGGGA
OtsAC20SILR_0280,CAGGTT,AATGAG
OtsAC20SILR_0281,CAGGTT,AGTAGG
OtsAC20SILR_0282,CAGGTT,CCATTT
OtsAC20SILR_0283,CAGGTT,CTACAG
OtsAC20SILR_0284,CAGGTT,GCAGAT
OtsAC20SILR_0285,CAGGTT,GTAAGT
OtsAC20SILR_0286,CAGGTT,TCAAAG
OtsAC20SILR_0287,CAGGTT,TTATGA
OtsAC20SILR_0288,CAGGTT,ACAAGA
OtsAC20SILR_0289,CAGGTT,AGTTAA
OtsAC20SILR_0290,CAGGTT,CCCGGT
OtsAC20SILR_0291,CAGGTT,CTCGCC
OtsAC20SILR_0292,CAGGTT,GCATGG
OtsAC20SILR_0293,CAGGTT,GTATCC
OtsAC20SILR_0294,CAGGTT,TCCTGC
OtsAC20SILR_0295,CAGGTT,TTCCGT
OtsAC20SILR_0296,CAGGTT,ACAGCG
OtsAC20SILR_0297,CAGGTT,ATAGTA
OtsAC20SILR_0298,CAGGTT,CCCTAA
OtsAC20SILR_0299,CAGGTT,CTGCGA
OtsAC20SILR_0300,CAGGTT,GCCGTA
OtsAC20SILR_0050,CAGGTT,GTCATC
OtsAC20SILR_0060,CAGGTT,TCGATT
OtsAC20SILR_0070,CAGGTT,TTCTAG
OtsAC20SILR_0080,CAGGTT,ACATAC
OtsAC20SILR_0090,CAGGTT,ATCAAA
OtsAC20SILR_0100,CAGGTT,CCGAGG
OtsAC20SILR_0110,CAGGTT,CTGGTT
OtsAC20SILR_0120,CAGGTT,GCGACC
OtsAC20SILR_0130,CAGGTT,GTGCCT
OtsAC20SILR_0140,CAGGTT,TCGCCA
OtsAC20SILR_0150,CAGGTT,TTGAGC
OtsAC20SILR_0160,CAGGTT,ACCATG
OtsAC20SILR_0170,CAGGTT,ATGCAC
OtsAC20SILR_0180,CAGGTT,CCGCAT
OtsAC20SILR_0190,CAGGTT,CTTATG
OtsAC20SILR_0200,CAGGTT,GCGCTG
OtsAC20SILR_0210,CAGGTT,GTGTAA
OtsAC20SILR_0220,CAGGTT,TCGGAC
OtsAC20SILR_0230,CAGGTT,TTTAAT
OtsAC20SILR_0240,CAGGTT,ACCCCC
OtsAC20SILR_0250,CAGGTT,ATGTTG
OtsAC20SILR_0260,CAGGTT,CCTAAC
OtsAC20SILR_0270,CAGGTT,CTTTGC
OtsAC20SILR_0280,CAGGTT,GCTCAA
OtsAC20SILR_0290,CAGGTT,GTTGGA
negative20,CAGGTT,TCTCGG
positive20,CAGGTT,TTTGTC
OtsAC21SUMP_0001,ACAGTG,AAACGG
OtsAC21SUMP_0002,ACAGTG,ACTCTT
OtsAC21SUMP_0003,ACAGTG,ATTCCG
OtsAC21SUMP_0004,ACAGTG,CGAGGC
OtsAC21SUMP_0005,ACAGTG,GAAATG
OtsAC21SUMP_0006,ACAGTG,GGACTT
OtsAC21SUMP_0007,ACAGTG,TAAGCT
OtsAC21SUMP_0008,ACAGTG,TCTTCT
OtsAC21SUMP_0009,ACAGTG,AACGTT
OtsAC21SUMP_0010,ACAGTG,ACTGGC
OtsAC21SUMP_0011,ACAGTG,CAAAAA
OtsAC21SUMP_0012,ACAGTG,CGCAGA
OtsAC21SUMP_0013,ACAGTG,GAACCA
OtsAC21SUMP_0014,ACAGTG,GGCAAG
OtsAC21SUMP_0015,ACAGTG,TAATTC
OtsAC21SUMP_0016,ACAGTG,TGAACC
OtsAC21SUMP_0017,ACAGTG,AACTGA
OtsAC21SUMP_0018,ACAGTG,AGCCAT
OtsAC21SUMP_0019,ACAGTG,CAATCG
OtsAC21SUMP_0020,ACAGTG,CGCGTG
OtsAC21SUMP_0021,ACAGTG,GACGAC
OtsAC21SUMP_0022,ACAGTG,GGGCGC
OtsAC21SUMP_0023,ACAGTG,TACACA
OtsAC21SUMP_0024,ACAGTG,TGACAA
OtsAC21SUMP_0025,ACAGTG,AAGACG
OtsAC21SUMP_0026,ACAGTG,AGCGCA
OtsAC21SUMP_0027,ACAGTG,CACCTC
OtsAC21SUMP_0028,ACAGTG,CGGTCC
OtsAC21SUMP_0029,ACAGTG,GACTCT
OtsAC21SUMP_0030,ACAGTG,GGGGCG
OtsAC21SUMP_0031,ACAGTG,TACGGG
OtsAC21SUMP_0032,ACAGTG,TGCCCG
OtsAC21SUMP_0033,ACAGTG,AAGCTA
OtsAC21SUMP_0034,ACAGTG,AGGGTC
OtsAC21SUMP_0035,ACAGTG,CAGGCA
OtsAC21SUMP_0036,ACAGTG,CGTCTA
OtsAC21SUMP_0037,ACAGTG,GAGAGA
OtsAC21SUMP_0038,ACAGTG,GGTACA
OtsAC21SUMP_0039,ACAGTG,TAGTAT
OtsAC21SUMP_0040,ACAGTG,TGCTTA
OtsAC21SUMP_0041,ACAGTG,AATATC
OtsAC21SUMP_0042,ACAGTG,AGGTGT
OtsAC21SUMP_0043,ACAGTG,CATACT
OtsAC21SUMP_0044,ACAGTG,CGTGAT
OtsAC21SUMP_0045,ACAGTG,AATCGT
OtsAC21SUMP_0046,ACAGTG,GGTTTG
OtsAC21SUMP_0047,ACAGTG,TATCAC
OtsAC21SUMP_0048,ACAGTG,TGGGGA
OtsAC21SUMP_0049,ACAGTG,AATGAG
OtsAC21SUMP_0050,ACAGTG,AGTAGG
OtsAC21SUMP_0051,ACAGTG,CCATTT
OtsAC21SUMP_0052,ACAGTG,CTACAG
OtsAC21SUMP_0053,ACAGTG,GCAGAT
OtsAC21SUMP_0054,ACAGTG,GTAAGT
OtsAC21SUMP_0055,ACAGTG,TCAAAG
OtsAC21SUMP_0056,ACAGTG,TTATGA
OtsAC21SUMP_0057,ACAGTG,ACAAGA
OtsAC21SUMP_0058,ACAGTG,AGTTAA
OtsAC21SUMP_0059,ACAGTG,CCCGGT
OtsAC21SUMP_0060,ACAGTG,CTCGCC
OtsAC21SUMP_0005,ACAGTG,GCATGG
OtsAC21SUMP_0010,ACAGTG,GTATCC
OtsAC21SUMP_0015,ACAGTG,TCCTGC
OtsAC21SUMP_0020,ACAGTG,TTCCGT
OtsAC21SUMP_0025,ACAGTG,ACAGCG
OtsAC21SUMP_0030,ACAGTG,ATAGTA
OtsAC21SUMP_0035,ACAGTG,CCCTAA
OtsAC21SUMP_0040,ACAGTG,CTGCGA
OtsAC21SUMP_0045,ACAGTG,GCCGTA
OtsAC21SUMP_0050,ACAGTG,GTCATC
OtsAC21SUMP_0055,ACAGTG,TCGATT
Blank,ACAGTG,TTCTAG
negative25,ACAGTG,TCTCGG
positive25,ACAGTG,TTTGTC
OtsCC20NUMP_0034,CAGATC,AAACGG
OtsCC20NUMP_0035,CAGATC,ACTCTT
OtsCC20NUMP_0036,CAGATC,ATTCCG
OtsCC20NUMP_0037,CAGATC,CGAGGC
OtsCC20NUMP_0038,CAGATC,GAAATG
OtsCC20NUMP_0039,CAGATC,GGACTT
OtsCC20NUMP_0040,CAGATC,TAAGCT
OtsCC20NUMP_0041,CAGATC,TCTTCT
OtsCC20NUMP_0042,CAGATC,AACGTT
OtsCC20NUMP_0043,CAGATC,ACTGGC
OtsCC20NUMP_0044,CAGATC,CAAAAA
OtsCC20NUMP_0045,CAGATC,CGCAGA
OtsCC20NUMP_0046,CAGATC,GAACCA
OtsCC20NUMP_0047,CAGATC,GGCAAG
OtsCC20NUMP_0048,CAGATC,TAATTC
OtsCC20NUMP_0049,CAGATC,TGAACC
OtsCC20NUMP_0050,CAGATC,AACTGA
OtsCC20SILR_0001,CAGATC,AGCCAT
OtsCC20SILR_0002,CAGATC,CAATCG
OtsCC20SILR_0003,CAGATC,CGCGTG
OtsCC20SILR_0004,CAGATC,GACGAC
OtsCC20SILR_0005,CAGATC,GGGCGC
OtsCC20SILR_0006,CAGATC,TACACA
OtsCC20SILR_0007,CAGATC,TGACAA
OtsCC20SILR_0008,CAGATC,AAGACG
OtsCC20SILR_0009,CAGATC,AGCGCA
OtsCC20SILR_0032,CAGATC,CACCTC
OtsCC20SILR_0033,CAGATC,CGGTCC
OtsCC20SILR_0034,CAGATC,GACTCT
OtsCC20SILR_0035,CAGATC,GGGGCG
OtsCC20SILR_0036,CAGATC,TACGGG
OtsCC20SILR_0037,CAGATC,TGCCCG
OtsCC20SILR_0038,CAGATC,AAGCTA
OtsCC20SILR_0039,CAGATC,AGGGTC
OtsCC20SILR_0040,CAGATC,CAGGCA
OtsCC20SILR_0041,CAGATC,CGTCTA
OtsCC20SILR_0042,CAGATC,GAGAGA
OtsCC20SILR_0043,CAGATC,GGTACA
OtsCC20SILR_0044,CAGATC,TAGTAT
OtsCC20SILR_0045,CAGATC,TGCTTA
OtsCC20SILR_0046,CAGATC,AATATC
OtsCC20SILR_0047,CAGATC,AGGTGT
OtsCC20SILR_0048,CAGATC,CATACT
OtsCC20SILR_0049,CAGATC,CGTGAT
OtsCC20SIUR_0001,CAGATC,AATCGT
OtsCC20SIUR_0002,CAGATC,GGTTTG
OtsCC20SIUR_0003,CAGATC,TATCAC
OtsCC20SIUR_0004,CAGATC,TGGGGA
OtsCC20SIUR_0005,CAGATC,AATGAG
OtsCC20SIUR_0006,CAGATC,AGTAGG
OtsCC20SIUR_0007,CAGATC,CCATTT
OtsCC20SIUR_0008,CAGATC,CTACAG
OtsCC20SIUR_0009,CAGATC,GCAGAT
OtsCC20SIUR_0010,CAGATC,GTAAGT
OtsCC20SIUR_0011,CAGATC,TCAAAG
OtsCC20SIUR_0012,CAGATC,TTATGA
OtsCC20SIUR_0013,CAGATC,ACAAGA
OtsCC20SIUR_0014,CAGATC,AGTTAA
OtsCC20SIUR_0015,CAGATC,CCCGGT
OtsCC20SIUR_0016,CAGATC,CTCGCC
OtsCC20SIUR_0017,CAGATC,GCATGG
OtsCC20SIUR_0018,CAGATC,GTATCC
OtsCC20SIUR_0019,CAGATC,TCCTGC
OtsCC20SIUR_0020,CAGATC,TTCCGT
OtsCC20SIUR_0021,CAGATC,ACAGCG
OtsCC20SIUR_0022,CAGATC,ATAGTA
OtsCC20SIUR_0023,CAGATC,CCCTAA
OtsCC20SIUR_0024,CAGATC,CTGCGA
OtsCC20SIUR_0025,CAGATC,GCCGTA
OtsCC20SIUR_0026,CAGATC,GTCATC
OtsCC20SIUR_0027,CAGATC,TCGATT
OtsCC20SIUR_0028,CAGATC,TTCTAG
OtsCC20SIUR_0029,CAGATC,ACATAC
OtsCC20SIUR_0030,CAGATC,ATCAAA
OtsCC20SIUR_0031,CAGATC,CCGAGG
OtsCC20SIUR_0032,CAGATC,CTGGTT
OtsCC20SIUR_0033,CAGATC,GCGACC
OtsCC20SIUR_0034,CAGATC,GTGCCT
OtsCC20SIUR_0035,CAGATC,TCGCCA
OtsCC20SIUR_0036,CAGATC,TTGAGC
OtsCC20SIUR_0037,CAGATC,ACCATG
OtsCC20SIUR_0038,CAGATC,ATGCAC
OtsCC20SIUR_0039,CAGATC,CCGCAT
OtsCC20SIUR_0040,CAGATC,CTTATG
OtsCC20SIUR_0041,CAGATC,GCGCTG
OtsCC20SIUR_0042,CAGATC,GTGTAA
OtsCC20SIUR_0043,CAGATC,TCGGAC
OtsCC20SIUR_0044,CAGATC,TTTAAT
OtsCC20SIUR_0045,CAGATC,ACCCCC
OtsCC20SIUR_0046,CAGATC,ATGTTG
OtsCC20SIUR_0047,CAGATC,CCTAAC
OtsCC20SIUR_0048,CAGATC,CTTTGC
OtsCC20SIUR_0049,CAGATC,GCTCAA
OtsCC20SIUR_0050,CAGATC,GTTGGA
negative27,CAGATC,TCTCGG
positive27,CAGATC,TTTGTC
