Pedigree,Individual Name,FieldID1,IndividualSampleLOCATION,DateSampled,ReachID,SurveyorID,SpeciesID,Gender,MEPS,LengthMEPS,Marks,CommentsSpawn,ScaleNumber,SnoutID,SamplerName,COMMENTSGeneral
OtsCC20COOR,OtsCC20COOR_1001,216,Coos River,10/27/2020,22273.00 Seg 4,72,17,M,750,75,0 - None,,40801,,Coos Bay,
OtsCC20COOR,OtsCC20COOR_1002,217,Coos River,11/9/2020,22265.00 Seg 1,72,17,M,640,64,0 - None,,40802,,Coos Bay,DNAFin - Caudal
OtsCC20COOR,OtsCC20COOR_1003,218,Coos River,11/9/2020,22265.00 Seg 1,72,17,F,730,73,0 - None,0 - No,40803,,Coos Bay,DNAFin - Dorsal
OtsCC20COOR,OtsCC20COOR_1004,219,Coos River,11/9/2020,22265.00 Seg 1,72,17,F,700,70,0 - None,0 - No,40804,,Coos Bay,DNAFin - Dorsal
OtsCC20COOR,OtsCC20COOR_1005,220,Coos River,11/9/2020,22273.00 Seg 4,72,17,M,640,64,0 - None,,40807,,Coos Bay,DNAFin - Dorsal
OtsCC20COOR,OtsCC20COOR_1006,221,Coos River,11/9/2020,22273.00 Seg 4,72,17,F,685,68.5,0 - None,0 - No,40808,,Coos Bay,DNAFin - Dorsal
OtsCC20COOR,OtsCC20COOR_1007,222,Coos River,12/8/2020,22265.00 Seg 1,72,17,F,715,71.5,0 - None,0 - No,40810,,Coos Bay,DNAFin - Caudal
OtsCC20COOR,OtsCC20COOR_1008,237,Coos River,11/2/2020,22273.00 Seg 4,68,17,F,675,67.5,0 - None,0 - No,30659,,Coos Bay,DNAFin - Dorsal
OtsCC20COOR,OtsCC20COOR_1009,238,Coos River,11/2/2020,22273.00 Seg 4,68,17,F,720,72,0 - None,0 - No,30660,,Coos Bay,DNAFin - Dorsal
OtsCC20COOR,OtsCC20COOR_1010,239,Coos River,11/2/2020,22265.00 Seg 1,68,17,F,,0,0 - None,2 - Unknown,30658,,Coos Bay,DNAFin - Dorsal
OtsCC20COOR,OtsCC20COOR_1011,256,Coos River,12/3/2020,22196.00 Seg 1,24,17,M,630,63,0 - None,,40704,,Coquille,DNAFin - Dorsal
OtsCC20COOR,OtsCC20COOR_1012,257,Coos River,12/3/2020,22196.00 Seg 1,24,17,F,705,70.5,0 - None,0 - No,40705,,Coquille,DNAFin - Caudal
OtsCC20COOR,OtsCC20COOR_1013,258,Coos River,12/3/2020,22196.00 Seg 1,24,17,M,670,67,0 - None,,40706,,Coquille,DNAFin - Dorsal
OtsCC20COOR,OtsCC20COOR_1014,259,Coos River,12/3/2020,22196.00 Seg 1,24,17,M,715,71.5,0 - None,,40707,,Coquille,DNAFin - Dorsal
OtsCC20COOR,OtsCC20COOR_1015,260,Coos River,12/3/2020,22196.00 Seg 1,24,17,M,720,72,0 - None,,40708,,Coquille,DNAFin - Dorsal
OtsCC20COOR,OtsCC20COOR_1016,261,Coos River,12/3/2020,22196.00 Seg 1,24,17,,735,73.5,0 - None,,40709,,Coquille,DNAFin - Dorsal
OtsCC20COOR,OtsCC20COOR_1017,262,Coos River,12/3/2020,22196.00 Seg 1,24,17,M,760,76,0 - None,,40710,,Coquille,DNAFin - Dorsal
OtsCC20COOR,OtsCC20COOR_1018,263,Coos River,12/3/2020,22196.00 Seg 1,24,17,F,715,71.5,0 - None,0 - No,,,Coquille,"No scales in key area, DNAFin - Dorsal"
OtsCC20COOR,OtsCC20COOR_1019,264,Coos River,12/3/2020,22196.00 Seg 1,24,17,M,765,76.5,0 - None,,40711,,Coquille,DNAFin - Dorsal
OtsCC20COOR,OtsCC20COOR_1020,265,Coos River,12/3/2020,22196.00 Seg 1,24,17,M,720,72,0 - None,,40712,,Coquille,DNAFin - Dorsal
OtsCC20COOR,OtsCC20COOR_1021,267,Coos River,12/3/2020,22196.00 Seg 1,24,17,F,685,68.5,0 - None,0 - No,40713,,Coquille,DNAFin - Dorsal
OtsCC20COOR,OtsCC20COOR_1022,268,Coos River,12/3/2020,22196.00 Seg 1,24,17,M,630,63,0 - None,,40714,,Coquille,DNAFin - Dorsal
OtsCC20COOR,OtsCC20COOR_1023,269,Coos River,12/3/2020,22196.00 Seg 1,24,17,F,685,68.5,0 - None,0 - No,40715,,Coquille,DNAFin - Dorsal
OtsCC20COOR,OtsCC20COOR_1024,270,Coos River,12/3/2020,22196.00 Seg 1,24,17,F,,0,0 - None,0 - No,40717,,Coquille,DNAFin - Dorsal
OtsCC20COOR,OtsCC20COOR_1025,271,Coos River,12/3/2020,22196.00 Seg 1,24,17,F,750,75,0 - None,"1 - Yes, >50% eggs remain",40720,,Coquille,DNAFin - Dorsal
OtsCC20COOR,OtsCC20COOR_1026,273,Coos River,12/3/2020,22196.00 Seg 1,24,17,F,700,70,0 - None,0 - No,40716,,Coquille,DNAFin - Dorsal
OtsCC20COOR,OtsCC20COOR_1027,274,Coos River,12/3/2020,22196.00 Seg 1,24,17,M,770,77,0 - None,,40718,,Coquille,DNAFin - Dorsal
OtsCC20COOR,OtsCC20COOR_1028,275,Coos River,12/3/2020,22196.00 Seg 1,24,17,M,740,74,0 - None,,40719,,Coquille,Entered during scale QAQC
OtsCC20COOR,OtsCC20COOR_1029,278,Coos River,12/1/2020,22273.00 Seg 4,59,17,M,525,52.5,0 - None,,40501,,Coos Bay,
OtsCC20COOR,OtsCC20COOR_1030,279,Coos River,12/1/2020,22265.00 Seg 1,59,17,F,735,73.5,0 - None,0 - No,40502,,Coos Bay,
OtsCC20COOR,OtsCC20COOR_1031,280,Coos River,12/1/2020,22265.00 Seg 1,59,17,F,700,70,9 - Unknown,0 - No,40503,,Coos Bay,
OtsCC20COOR,OtsCC20COOR_1032,281,Coos River,12/1/2020,22242.00 Seg 1,59,17,M,685,68.5,2 - Adipose,,40506,9020,Coos Bay,
OtsCC20COOR,OtsCC20COOR_1033,282,Coos River,12/1/2020,22242.00 Seg 1,59,17,M,595,59.5,2 - Adipose,,40507,9025,Coos Bay,
OtsCC20COOR,OtsCC20COOR_1034,283,Coos River,12/1/2020,22242.00 Seg 1,59,17,F,625,62.5,2 - Adipose,0 - No,40509,9024,Coos Bay,
OtsCC20COOR,OtsCC20COOR_1035,316,Coos River,11/4/2020,22177.50 Seg 1,30,17,M,770,77,0 - None,,42083,,Coos Bay,DNAFin - Caudal
OtsCC20COOR,OtsCC20COOR_1036,317,Coos River,11/4/2020,22177.50 Seg 1,30,17,F,690,69,0 - None,0 - No,42084,,Coos Bay,DNAFin - Caudal
OtsCC20COOR,OtsCC20COOR_1037,318,Coos River,11/4/2020,22177.50 Seg 1,30,17,M,660,66,0 - None,,42085,,Coos Bay,DNAFin - Caudal
OtsCC20COOR,OtsCC20COOR_1038,319,Coos River,11/4/2020,22177.50 Seg 1,30,17,F,685,68.5,0 - None,0 - No,42086,,Coos Bay,DNAFin - Dorsal
OtsCC20COOR,OtsCC20COOR_1039,320,Coos River,11/4/2020,22177.50 Seg 1,30,17,M,760,76,0 - None,,42087,,Coos Bay,DNAFin - Caudal
OtsCC20COOR,OtsCC20COOR_1040,321,Coos River,11/10/2020,22177.50 Seg 1,30,17,M,700,70,0 - None,,42088,,Coos Bay,DNAFin - Caudal
OtsCC20COOR,OtsCC20COOR_1041,322,Coos River,11/23/2020,22276.00 Seg 2,30,17,F,730,73,0 - None,0 - No,42094,,Coos Bay,DNAFin - Adipose
OtsCC20COOR,OtsCC20COOR_1042,323,Coos River,12/15/2020,22196.00 Seg 1,30,17,F,830,83,0 - None,0 - No,42099,,Coquille,DNAFin - Caudal
OtsCC20MIAR,OtsCC20MIAR_0001,40,Miami,12/2/2020,25787.00 Seg 1,110,17,M,505,50.5,0 - None,,38394,,Tillamook North,"scale samples appears to be missing, DNAFin - Dorsal"
OtsCC20NECR,OtsCC20NECR_0001,21,Necanicum,11/30/2020,26228.00 Seg 4,110,17,F,740,74,0 - None,0 - No,38359,,Tillamook North,DNAFin - Pelvic
OtsCC20NECR,OtsCC20NECR_0002,34,Necanicum,11/12/2020,26239.00 Seg 2,110,17,F,750,75,0 - None,2 - Unknown,38186,,Tillamook North,DNAFin - Adipose
OtsCC20NECR,OtsCC20NECR_0003,36,Necanicum,11/30/2020,26228.00 Seg 4,110,17,F,695,69.5,2 - Adipose,0 - No,38360,8624,Tillamook North,DNAFin - Pelvic
OtsCC20NEHR,OtsCC20NEHR_0001,23,Nehalem,12/3/2020,25985.00 Seg 1,110,17,F,745,74.5,0 - None,0 - No,35229,,Tillamook North,DNAFin - Pelvic
OtsCC20NEHR,OtsCC20NEHR_0002,24,Nehalem,12/2/2020,25840.00 Seg 2,110,17,M,665,66.5,0 - None,,38183,,Tillamook North,DNAFin - Pelvic
OtsCC20NEHR,OtsCC20NEHR_0003,31,Nehalem,12/9/2020,25888.00 Seg 1,110,17,M,680,68,0 - None,,38486,,Tillamook North,DNAFin - Dorsal
OtsCC20NEHR,OtsCC20NEHR_0004,32,Nehalem,12/3/2020,25985.00 Seg 1,110,17,F,685,68.5,0 - None,0 - No,35225,,Tillamook North,DNAFin - Pectoral
OtsCC20NEHR,OtsCC20NEHR_0005,33,Nehalem,12/3/2020,25985.00 Seg 1,110,17,F,700,70,0 - None,0 - No,35226,,Tillamook North,DNAFin - Pectoral
OtsCC20NEHR,OtsCC20NEHR_0006,37,Nehalem,12/3/2020,25985.00 Seg 1,110,17,F,635,63.5,9 - Unknown,0 - No,35228,,Tillamook North,DNAFin - Caudal
OtsCC20NESR,OtsCC20NESR_1001,61,Nestucca,11/3/2020,25505.00 Seg 1,35,17,F,610,61,0 - None,0 - No,38604,,Tillamook South,DNAFin - Adipose
OtsCC20NESR,OtsCC20NESR_1002,62,Nestucca,11/20/2020,25481.00 Seg 1,35,17,F,675,67.5,0 - None,0 - No,38620,,Tillamook South,DNAFin - Adipose
OtsCC20NESR,OtsCC20NESR_1003,63,Nestucca,11/23/2020,25503.00 Seg 1,35,17,M,525,52.5,0 - None,,38668,,Tillamook South,DNAFin - Adipose
OtsCC20NESR,OtsCC20NESR_1004,64,Nestucca,11/20/2020,25481.00 Seg 1,35,17,M,795,79.5,0 - None,,38623,,Tillamook South,DNAFin - Adipose
OtsCC20NESR,OtsCC20NESR_1005,65,Nestucca,11/20/2020,25481.00 Seg 1,35,17,F,735,73.5,0 - None,0 - No,38619,,Tillamook South,DNAFin - Adipose
OtsCC20NESR,OtsCC20NESR_1006,66,Nestucca,11/23/2020,25503.00 Seg 1,35,17,F,770,77,0 - None,0 - No,38625,,Tillamook South,DNAFin - Adipose
OtsCC20NESR,OtsCC20NESR_1007,67,Nestucca,11/12/2020,25503.00 Seg 1,35,17,F,705,70.5,0 - None,0 - No,38611,,Tillamook South,DNAFin - Adipose
OtsCC20NESR,OtsCC20NESR_1008,68,Nestucca,11/12/2020,25503.00 Seg 1,35,17,F,710,71,0 - None,0 - No,38609,,Tillamook South,DNAFin - Adipose
OtsCC20NESR,OtsCC20NESR_1009,69,Nestucca,11/20/2020,25481.00 Seg 1,35,17,F,770,77,0 - None,0 - No,38622,,Tillamook South,DNAFin - Adipose
OtsCC20NESR,OtsCC20NESR_1010,70,Nestucca,11/9/2020,25451.00 Seg 7,35,17,F,760,76,0 - None,0 - No,38606,,Tillamook South,DNAFin - Adipose
OtsCC20NESR,OtsCC20NESR_1011,71,Nestucca,10/27/2020,25426.00 Seg 1,38,17,M,725,72.5,2 - Adipose,,25207,8648,Tillamook South,DNAFin - Dorsal
OtsCC20NESR,OtsCC20NESR_1012,72,Nestucca,11/20/2020,25481.00 Seg 1,35,17,M,670,67,0 - None,,38621,,Tillamook South,DNAFin - Adipose
OtsCC20NESR,OtsCC20NESR_1013,73,Nestucca,11/9/2020,25451.00 Seg 7,35,17,M,835,83.5,0 - None,,38605,,Tillamook South,DNAFin - Adipose
OtsCC20NESR,OtsCC20NESR_1014,74,Nestucca,11/12/2020,25503.00 Seg 1,35,17,F,700,70,0 - None,"1 - Yes, >50% eggs remain",38610,,Tillamook South,DNAFin - Adipose
OtsCC20NESR,OtsCC20NESR_1015,75,Nestucca,11/12/2020,25503.00 Seg 1,35,17,F,725,72.5,0 - None,0 - No,38612,,Tillamook South,DNAFin - Adipose
OtsCC20NESR,OtsCC20NESR_1016,76,Nestucca,11/12/2020,25481.00 Seg 1,35,17,M,430,43,0 - None,,38614,,Tillamook South,DNAFin - Adipose
OtsCC20NESR,OtsCC20NESR_1017,78,Nestucca,11/20/2020,25459.00 Seg 2,35,17,F,645,64.5,0 - None,2 - Unknown,38618,,Tillamook South,DNAFin - Adipose
OtsCC20NESR,OtsCC20NESR_1018,79,Nestucca,11/12/2020,25481.00 Seg 1,35,17,M,655,65.5,0 - None,,38613,,Tillamook South,DNAFin - Adipose
OtsCC20NESR,OtsCC20NESR_1019,82,Nestucca,11/2/2020,25451.00 Seg 7,38,17,M,820,82,0 - None,,25208,,Tillamook South,DNAFin - Adipose
OtsCC20NESR,OtsCC20NESR_1020,83,Nestucca,11/2/2020,25451.00 Seg 7,38,17,M,780,78,0 - None,,25209,,Tillamook South,DNAFin - Adipose
OtsCC20NESR,OtsCC20NESR_1021,84,Nestucca,11/3/2020,25407.00 Seg 2,38,17,F,715,71.5,0 - None,0 - No,25210,,Tillamook South,DNAFin - Pelvic
OtsCC20NESR,OtsCC20NESR_1022,85,Nestucca,11/3/2020,25481.00 Seg 1,38,17,F,780,78,0 - None,"1 - Yes, >50% eggs remain",25211,,Tillamook South,DNAFin - Adipose
OtsCC20NESR,OtsCC20NESR_1023,86,Nestucca,11/3/2020,25503.00 Seg 1,38,17,M,750,75,0 - None,,25212,,Tillamook South,DNAFin - Adipose
OtsCC20NESR,OtsCC20NESR_1024,87,Nestucca,11/3/2020,25503.00 Seg 1,38,17,F,780,78,0 - None,0 - No,25213,,Tillamook South,DNAFin - Adipose
OtsCC20NESR,OtsCC20NESR_1025,88,Nestucca,11/20/2020,25481.00 Seg 1,38,17,F,760,76,0 - None,0 - No,25216,,Tillamook South,DNAFin - Adipose
OtsCC20NESR,OtsCC20NESR_1026,89,Nestucca,10/27/2020,25426.00 Seg 1,35,17,F,745,74.5,0 - None,0 - No,38603,,Tillamook South,DNAFin - Adipose
OtsCC20NESR,OtsCC20NESR_1027,90,Nestucca,10/26/2020,25503.00 Seg 1,35,17,F,705,70.5,0 - None,0 - No,38601,,Tillamook South,DNAFin - Adipose
OtsCC20NESR,OtsCC20NESR_1028,91,Nestucca,11/23/2020,25503.00 Seg 1,35,17,F,755,75.5,0 - None,0 - No,38624,,Tillamook South,DNAFin - Adipose
OtsCC20NESR,OtsCC20NESR_1029,94,Nestucca,11/20/2020,25481.00 Seg 1,38,17,M,780,78,0 - None,,19270,,Tillamook South,DNAFin - Adipose
OtsCC20NESR,OtsCC20NESR_1030,97,Nestucca,11/23/2020,25482.50 Seg 1,35,17,F,790,79,0 - None,0 - No,38669,,Tillamook South,DNAFin - Adipose
OtsCC20NESR,OtsCC20NESR_1031,102,Nestucca,12/3/2020,25377.00 Seg 1,98,17,F,720,72,0 - None,0 - No,41058,,Tillamook South,DNAFin - Pelvic
OtsCC20NESR,OtsCC20NESR_1032,103,Nestucca,12/3/2020,25377.00 Seg 1,98,17,F,740,74,0 - None,0 - No,41057,,Tillamook South,"Scales right side only, DNAFin - Dorsal"
OtsCC20NESR,OtsCC20NESR_1033,113,Nestucca,12/14/2020,25503.00 Seg 1,35,17,F,715,71.5,0 - None,0 - No,38700,,Tillamook South,DNAFin - Adipose
OtsCC20NESR,OtsCC20NESR_1034,114,Nestucca,11/30/2020,25481.00 Seg 1,35,17,M,805,80.5,0 - None,,38682,,Tillamook South,DNAFin - Adipose
OtsCC20NESR,OtsCC20NESR_1035,115,Nestucca,11/30/2020,25481.00 Seg 1,35,17,F,725,72.5,0 - None,0 - No,38685,,Tillamook South,DNAFin - Adipose
OtsCC20NESR,OtsCC20NESR_1036,116,Nestucca,11/30/2020,25503.00 Seg 1,35,17,F,750,75,0 - None,0 - No,38688,,Tillamook South,DNAFin - Adipose
OtsCC20NESR,OtsCC20NESR_1037,125,Nestucca,12/9/2020,25481.00 Seg 1,38,17,F,690,69,0 - None,0 - No,38646,,Tillamook South,DNAFin - Adipose
OtsCC20NESR,OtsCC20NESR_1038,131,Nestucca,11/30/2020,25481.00 Seg 1,35,17,F,760,76,0 - None,0 - No,38681,,Tillamook South,DNAFin - Adipose
OtsCC20NESR,OtsCC20NESR_1039,136,Nestucca,11/30/2020,25481.00 Seg 1,35,17,M,485,48.5,0 - None,,38687,,Tillamook South,Jack. DNAFin - Adipose
OtsCC20NESR,OtsCC20NESR_1040,138,Nestucca,11/30/2020,25503.00 Seg 1,35,17,F,665,66.5,0 - None,0 - No,38690,,Tillamook South,DNAFin - Adipose
OtsCC20NESR,OtsCC20NESR_1041,140,Nestucca,11/30/2020,25481.00 Seg 1,35,17,F,685,68.5,0 - None,0 - No,38683,,Tillamook South,DNAFin - Adipose
OtsCC20NESR,OtsCC20NESR_1042,142,Nestucca,11/30/2020,25481.00 Seg 1,35,17,F,705,70.5,0 - None,0 - No,38684,,Tillamook South,DNAFin - Adipose
OtsCC20NESR,OtsCC20NESR_1043,144,Nestucca,12/3/2020,25426.00 Seg 1,35,17,F,705,70.5,0 - None,0 - No,38666,,Tillamook South,DNAFin - Adipose
OtsCC20NESR,OtsCC20NESR_1044,145,Nestucca,11/30/2020,25481.00 Seg 1,35,17,F,750,75,0 - None,0 - No,38686,,Tillamook South,DNAFin - Adipose
OtsCC20NESR,OtsCC20NESR_1045,146,Nestucca,11/30/2020,25459.00 Seg 2,35,17,F,770,77,0 - None,0 - No,38692,,Tillamook South,DNAFin - Adipose
OtsCC20SALR,OtsCC20SALR_0001,351,Salmon,11/12/2020,25323.00 Seg 1,32,17,F,650,65,0 - None,0 - No,39740,,Corvallis North,DNAFin - Pectoral
OtsCC20SILR,OtsCC20SILR_0001,136,Siletz,11/21/2020,25159.00 Seg 1,32,17,F,670,67,0 - None,0 - No,39606,,Corvallis North,DNAFin - Adipose
OtsCC20SILR,OtsCC20SILR_0002,137,Siletz,11/21/2020,25159.00 Seg 1,32,17,F,690,69,0 - None,0 - No,39607,,Corvallis North,DNAFin - Adipose
OtsCC20SILR,OtsCC20SILR_0003,138,Siletz,11/21/2020,25159.00 Seg 1,32,17,M,730,73,0 - None,,39608,,Corvallis North,DNAFin - Adipose
OtsCC20SILR,OtsCC20SILR_0004,139,Siletz,11/21/2020,25159.00 Seg 1,32,17,F,745,74.5,0 - None,0 - No,39609,,Corvallis North,DNAFin - Adipose
OtsCC20SILR,OtsCC20SILR_0005,140,Siletz,11/23/2020,25102.50 Seg 1,32,17,F,725,72.5,0 - None,0 - No,39613,,Corvallis North,DNAFin - Adipose
OtsCC20SILR,OtsCC20SILR_0006,141,Siletz,11/23/2020,25102.50 Seg 1,32,17,M,590,59,0 - None,,39614,,Corvallis North,DNAFin - Adipose
OtsCC20SILR,OtsCC20SILR_0007,142,Siletz,12/1/2020,25159.00 Seg 1,32,17,F,785,78.5,0 - None,0 - No,39616,,Corvallis North,DNAFin - Adipose
OtsCC20SILR,OtsCC20SILR_0008,143,Siletz,12/1/2020,25159.00 Seg 1,32,17,F,710,71,0 - None,0 - No,39617,,Corvallis North,DNAFin - Adipose
OtsCC20SILR,OtsCC20SILR_0009,144,Siletz,12/1/2020,25159.00 Seg 1,32,17,F,750,75,0 - None,0 - No,39618,,Corvallis North,DNAFin - Adipose
OtsCC20SILR,OtsCC20SILR_0010,145,Siletz,12/1/2020,25159.00 Seg 1,32,17,F,670,67,0 - None,0 - No,39619,,Corvallis North,DNAFin - Adipose
OtsCC20SILR,OtsCC20SILR_0011,146,Siletz,12/1/2020,25159.00 Seg 1,32,17,M,735,73.5,0 - None,,39620,,Corvallis North,DNAFin - Adipose
OtsCC20SILR,OtsCC20SILR_0012,147,Siletz,12/1/2020,25159.00 Seg 1,32,17,M,760,76,0 - None,,39621,,Corvallis North,DNAFin - Adipose
OtsCC20SILR,OtsCC20SILR_0013,148,Siletz,12/3/2020,25102.50 Seg 1,32,17,M,620,62,0 - None,,39628,,Corvallis North,DNAFin - Adipose
OtsCC20SILR,OtsCC20SILR_0014,149,Siletz,12/3/2020,25102.50 Seg 1,32,17,F,600,60,0 - None,0 - No,39629,,Corvallis North,DNAFin - Adipose
OtsCC20SILR,OtsCC20SILR_0015,150,Siletz,12/3/2020,25102.50 Seg 1,32,17,F,590,59,0 - None,0 - No,39630,,Corvallis North,DNAFin - Adipose
OtsCC20SILR,OtsCC20SILR_0016,151,Siletz,12/3/2020,25102.50 Seg 1,32,17,F,705,70.5,0 - None,0 - No,39633,,Corvallis North,DNAFin - Adipose
OtsCC20SILR,OtsCC20SILR_0017,152,Siletz,12/8/2020,25167.00 Seg 2,32,17,F,740,74,0 - None,0 - No,39634,,Corvallis North,DNAFin - Adipose
OtsCC20SILR,OtsCC20SILR_0018,154,Siletz,12/8/2020,25167.00 Seg 2,32,17,M,740,74,0 - None,,39636,,Corvallis North,
OtsCC20SILR,OtsCC20SILR_0019,155,Siletz,12/8/2020,25167.00 Seg 2,32,17,F,670,67,0 - None,0 - No,39638,,Corvallis North,DNAFin - Adipose
OtsCC20SILR,OtsCC20SILR_0020,196,Siletz,12/10/2020,25102.50 Seg 1,5,17,M,440,44,0 - None,,15897,,Corvallis North,Jack. DNAFin - Pelvic
OtsCC20SILR,OtsCC20SILR_0021,197,Siletz,12/10/2020,25102.50 Seg 1,5,17,F,660,66,0 - None,0 - No,15895,,Corvallis North,DNAFin - Pelvic
OtsCC20SILR,OtsCC20SILR_0022,198,Siletz,12/3/2020,25102.50 Seg 1,5,17,F,700,70,0 - None,0 - No,15874,,Corvallis North,Scales not from key area and from only right side. DNAFin - Pelvic
OtsCC20SILR,OtsCC20SILR_0023,199,Siletz,12/10/2020,25102.50 Seg 1,5,17,F,685,68.5,0 - None,0 - No,15896,,Corvallis North,Scales from only on side. DNAFin - Pelvic
OtsCC20SILR,OtsCC20SILR_0024,201,Siletz,12/3/2020,25102.50 Seg 1,5,17,M,770,77,0 - None,,15876,,Corvallis North,DNAFin - Pelvic
OtsCC20SILR,OtsCC20SILR_0025,202,Siletz,12/3/2020,25102.50 Seg 1,5,17,M,770,77,0 - None,,15873,,Corvallis North,DNAFin - Pelvic
OtsCC20SILR,OtsCC20SILR_0026,206,Siletz,12/10/2020,25102.50 Seg 1,5,17,F,730,73,0 - None,0 - No,15892,,Corvallis North,DNAFin - Pelvic
OtsCC20SILR,OtsCC20SILR_0027,207,Siletz,12/3/2020,25102.50 Seg 1,5,17,F,730,73,0 - None,0 - No,15877,,Corvallis North,DNAFin - Pelvic
OtsCC20SILR,OtsCC20SILR_0028,208,Siletz,10/8/2020,25102.50 Seg 1,5,17,F,600,60,2 - Adipose,0 - No,15863,8650,Corvallis North,Carcass was not fresh. Already rotting. DNAFin - Dorsal
OtsCC20SILR,OtsCC20SILR_0029,209,Siletz,12/10/2020,25102.50 Seg 1,5,17,F,665,66.5,0 - None,0 - No,15891,,Corvallis North,DNAFin - Pelvic
OtsCC20SILR,OtsCC20SILR_0030,212,Siletz,12/10/2020,25102.50 Seg 1,5,17,M,710,71,0 - None,,15890,,Corvallis North,DNAFin - Pelvic
OtsCC20SILR,OtsCC20SILR_0031,213,Siletz,12/10/2020,25102.50 Seg 1,5,17,M,700,70,0 - None,,15888,,Corvallis North,DNAFin - Pelvic
OtsCC20SILR,OtsCC20SILR_0032,336,Siletz,11/21/2020,25159.00 Seg 1,46,17,F,716,71.6,0 - None,0 - No,39695,,Corvallis North,DNAFin - Dorsal
OtsCC20SILR,OtsCC20SILR_0033,337,Siletz,11/21/2020,25167.00 Seg 2,46,17,F,740,74,0 - None,0 - No,39703,,Corvallis North,DNAFin - Adipose
OtsCC20SILR,OtsCC20SILR_0034,338,Siletz,11/9/2020,25102.50 Seg 1,46,17,F,700,70,0 - None,"1 - Yes, >50% eggs remain",39706,,Corvallis North,DNAFin - Pelvic
OtsCC20SILR,OtsCC20SILR_0035,339,Siletz,11/21/2020,25167.00 Seg 2,46,17,F,665,66.5,0 - None,0 - No,39701,,Corvallis North,DNAFin - Pectoral
OtsCC20SILR,OtsCC20SILR_0036,340,Siletz,11/21/2020,25167.00 Seg 2,46,17,M,710,71,0 - None,,39653,,Corvallis North,DNAFin - Pectoral
OtsCC20SILR,OtsCC20SILR_0037,341,Siletz,11/21/2020,25167.00 Seg 2,46,17,F,744,74.4,0 - None,0 - No,39700,,Corvallis North,DNAFin - Adipose
OtsCC20SILR,OtsCC20SILR_0038,342,Siletz,11/21/2020,25159.00 Seg 1,46,17,F,675,67.5,2 - Adipose,0 - No,39698,8671,Corvallis North,DNAFin - Dorsal
OtsCC20SILR,OtsCC20SILR_0039,343,Siletz,11/21/2020,25167.00 Seg 2,46,17,M,712,71.2,0 - None,,39666,,Corvallis North,DNAFin - Pectoral
OtsCC20SILR,OtsCC20SILR_0040,344,Siletz,11/21/2020,25159.00 Seg 1,46,17,F,665,66.5,0 - None,0 - No,39696,,Corvallis North,DNAFin - Pectoral
OtsCC20SILR,OtsCC20SILR_0041,345,Siletz,11/23/2020,25102.50 Seg 1,46,17,M,676,67.6,0 - None,,39694,,Corvallis North,
OtsCC20SILR,OtsCC20SILR_0042,346,Siletz,12/1/2020,25167.00 Seg 2,46,17,F,700,70,0 - None,0 - No,39693,,Corvallis North,DNAFin - Pectoral
OtsCC20SILR,OtsCC20SILR_0043,347,Siletz,11/21/2020,25167.00 Seg 2,46,17,M,785,78.5,0 - None,,39702,,Corvallis North,
OtsCC20SILR,OtsCC20SILR_0044,348,Siletz,11/4/2020,25159.00 Seg 1,46,17,F,745,74.5,0 - None,0 - No,39708,,Corvallis North,DNAFin - Pelvic
OtsCC20SILR,OtsCC20SILR_0045,349,Siletz,11/21/2020,25167.00 Seg 2,46,17,M,695,69.5,0 - None,,39654,,Corvallis North,DNAFin - Pectoral
OtsCC20SILR,OtsCC20SILR_0046,350,Siletz,11/21/2020,25159.00 Seg 1,46,17,F,760,76,0 - None,0 - No,39697,,Corvallis North,DNAFin - Pectoral
OtsCC20SILR,OtsCC20SILR_0047,352,Siletz,11/21/2020,25167.00 Seg 2,46,17,F,720,72,0 - None,0 - No,39699,,Corvallis North,DNAFin - Adipose
OtsCC20SILR,OtsCC20SILR_0048,353,Siletz,11/10/2020,25159.00 Seg 1,46,17,M,515,51.5,0 - None,,39705,,Corvallis North,DNAFin - Pectoral
OtsCC20SILR,OtsCC20SILR_0049,354,Siletz,12/1/2020,25167.00 Seg 2,46,17,M,636,63.6,0 - None,,39692,,Corvallis North,DNAFin - Pectoral
OtsCC20SILR,OtsCC20SILR_0050,355,Siletz,11/21/2020,25167.00 Seg 2,46,17,F,798,79.8,0 - None,0 - No,39652,,Corvallis North,DNAFin - Adipose
OtsCC20SILR,OtsCC20SILR_0051,408,Siletz,12/8/2020,25167.00 Seg 2,46,17,M,735,73.5,0 - None,,39682,,Corvallis North,DNAFin - Pectoral
OtsCC20SILR,OtsCC20SILR_0052,409,Siletz,12/1/2020,25167.00 Seg 2,46,17,M,820,82,0 - None,,39690,,Corvallis North,DNAFin - Adipose
OtsCC20SILR,OtsCC20SILR_0053,418,Siletz,12/8/2020,25167.00 Seg 2,46,17,M,796,79.6,0 - None,,39684,,Corvallis North,DNAFin - Adipose
OtsCC20SILR,OtsCC20SILR_0054,419,Siletz,12/1/2020,25167.00 Seg 2,46,17,F,748,74.8,0 - None,0 - No,39691,,Corvallis North,DNAFin - Pectoral
OtsCC20SILR,OtsCC20SILR_0055,421,Siletz,12/8/2020,25167.00 Seg 2,32,17,F,665,66.5,0 - None,0 - No,39639,,Corvallis North,DNAFin - Adipose
OtsCC20SILR,OtsCC20SILR_0056,422,Siletz,12/10/2020,25102.50 Seg 1,32,17,M,705,70.5,0 - None,,39643,,Corvallis North,DNAFin - Adipose
OtsCC20SILR,OtsCC20SILR_0057,423,Siletz,12/10/2020,25102.50 Seg 1,32,17,F,580,58,0 - None,0 - No,39644,,Corvallis North,DNAFin - Pectoral
OtsCC20SIUR,OtsCC20SIUR_0001,190,Siuslaw,11/21/2020,24026.00 Seg 1,86,17,F,630,63,0 - None,0 - No,42295,,Corvallis South,Dna 190
OtsCC20SIUR,OtsCC20SIUR_0002,376,Siuslaw,11/20/2020,24301.00 Seg 2,326,17,M,680,68,0 - None,,32425,,Corvallis South,DNAFin - Dorsal
OtsCC20SIUR,OtsCC20SIUR_0003,377,Siuslaw,11/20/2020,24303.00 Seg 2,326,17,M,575,57.5,0 - None,,32424,,Corvallis South,DNAFin - Dorsal
OtsCC20SIUR,OtsCC20SIUR_0004,378,Siuslaw,11/20/2020,24301.00 Seg 2,326,17,M,455,45.5,0 - None,,32409,,Corvallis South,"Tissue Vial 378, DNAFin - Dorsal"
OtsCC20SIUR,OtsCC20SIUR_0005,379,Siuslaw,11/29/2020,24136.00 Seg 1,326,17,F,600,60,0 - None,0 - No,32373,,Corvallis South,DNAFin - Dorsal
OtsCC20SIUR,OtsCC20SIUR_0006,380,Siuslaw,11/29/2020,24136.00 Seg 1,326,17,M,670,67,0 - None,,32374,,Corvallis South,DNAFin - Adipose
OtsCC20SIUR,OtsCC20SIUR_0007,381,Siuslaw,11/24/2020,24301.00 Seg 2,328,17,M,,0,0 - None,,32358,,Corvallis South,890mm TL. DNAFin - Adipose
OtsCC20SIUR,OtsCC20SIUR_0008,382,Siuslaw,11/24/2020,24349.00 Seg 1.1,328,17,M,,0,0 - None,,32359,,Corvallis South,760mm TL. DNAFin - Adipose
OtsCC20SIUR,OtsCC20SIUR_0009,383,Siuslaw,12/15/2020,24136.00 Seg 1,305,17,F,590,59,0 - None,0 - No,16143,,Corvallis South,DNAFin - Dorsal
OtsCC20SIUR,OtsCC20SIUR_0010,384,Siuslaw,11/24/2020,24303.00 Seg 2,305,17,M,620,62,0 - None,,32372,,Corvallis South,DNAFin - Adipose
OtsCC20SIUR,OtsCC20SIUR_0011,385,Siuslaw,11/24/2020,24301.00 Seg 2,328,17,M,,0,0 - None,,32353,,Corvallis South,845mm TL. DNAFin - Adipose
OtsCC20SIUR,OtsCC20SIUR_0012,386,Siuslaw,11/24/2020,24301.00 Seg 2,328,17,M,,0,2 - Adipose,,32352,,Corvallis South,950mm TL. DNAFin - Adipose
OtsCC20SIUR,OtsCC20SIUR_0013,387,Siuslaw,11/24/2020,24301.00 Seg 2,328,17,M,,0,0 - None,,32354,,Corvallis South,830mm TL. DNAFin - Adipose
OtsCC20SIUR,OtsCC20SIUR_0014,388,Siuslaw,11/24/2020,24301.00 Seg 2,328,17,M,,0,0 - None,,32355,,Corvallis South,480mm TL. DNAFin - Adipose
OtsCC20SIUR,OtsCC20SIUR_0015,389,Siuslaw,11/24/2020,24301.00 Seg 2,328,17,M,,0,0 - None,,32356,,Corvallis South,850mm TL. DNAFin - Adipose
OtsCC20SIUR,OtsCC20SIUR_0016,390,Siuslaw,11/24/2020,24301.00 Seg 2,328,17,M,,0,0 - None,,32357,,Corvallis South,1005mm TL. DNAFin - Adipose
OtsCC20SIUR,OtsCC20SIUR_0017,391,Siuslaw,11/23/2020,24136.00 Seg 1,305,17,M,770,77,0 - None,,32362,,Corvallis South,DNAFin - Caudal
OtsCC20SIUR,OtsCC20SIUR_0018,392,Siuslaw,11/23/2020,24136.00 Seg 1,305,17,M,720,72,0 - None,,32363,,Corvallis South,DNAFin - Caudal
OtsCC20SIUR,OtsCC20SIUR_0019,393,Siuslaw,12/1/2020,24301.00 Seg 2,328,17,F,669,66.9,0 - None,0 - No,32360,,Corvallis South,DNAFin - Adipose
OtsCC20SIUR,OtsCC20SIUR_0020,394,Siuslaw,12/1/2020,24301.00 Seg 2,328,17,M,649,64.9,0 - None,,32361,,Corvallis South,DNAFin - Adipose
OtsCC20SIUR,OtsCC20SIUR_0021,395,Siuslaw,12/1/2020,24301.00 Seg 2,328,17,M,680,68,0 - None,,32364,,Corvallis South,DNAFin - Adipose
OtsCC20SIUR,OtsCC20SIUR_0022,396,Siuslaw,11/29/2020,24136.00 Seg 1,326,17,M,810,81,0 - None,,32406,,Corvallis South,DNAFin - Pectoral
OtsCC20SIUR,OtsCC20SIUR_0023,397,Siuslaw,11/29/2020,24136.00 Seg 1,326,17,F,650,65,0 - None,0 - No,32423,,Corvallis South,DNAFin - Dorsal
OtsCC20SIUR,OtsCC20SIUR_0024,398,Siuslaw,12/1/2020,24301.00 Seg 2,328,17,F,635,63.5,0 - None,0 - No,32365,,Corvallis South,DNAFin - Adipose
OtsCC20SIUR,OtsCC20SIUR_0025,399,Siuslaw,12/1/2020,24301.00 Seg 2,328,17,F,675,67.5,0 - None,0 - No,32366,,Corvallis South,DNAFin - Adipose
OtsCC20SIUR,OtsCC20SIUR_0026,400,Siuslaw,12/1/2020,24349.00 Seg 1.1,328,17,M,760,76,0 - None,,32367,,Corvallis South,DNAFin - Adipose
OtsCC20SIUR,OtsCC20SIUR_0027,451,Siuslaw,11/29/2020,24135.00 Seg 1,305,17,F,710,71,0 - None,0 - No,32380,,Corvallis South,DNAFin - Caudal
OtsCC20SIUR,OtsCC20SIUR_0028,452,Siuslaw,11/29/2020,24135.00 Seg 1,305,17,F,685,68.5,0 - None,0 - No,32381,,Corvallis South,DNAFin - Dorsal
OtsCC20SIUR,OtsCC20SIUR_0029,453,Siuslaw,11/29/2020,24135.30 Seg 1,305,17,F,650,65,0 - None,0 - No,32382,,Corvallis South,DNAFin - Caudal
OtsCC20SIUR,OtsCC20SIUR_0030,454,Siuslaw,11/29/2020,24135.30 Seg 1,305,17,M,740,74,0 - None,,32383,,Corvallis South,DNAFin - Caudal
OtsCC20SIUR,OtsCC20SIUR_0031,455,Siuslaw,12/1/2020,24303.00 Seg 2,305,17,M,680,68,0 - None,,32375,,Corvallis South,DNAFin - Caudal
OtsCC20SIUR,OtsCC20SIUR_0032,456,Siuslaw,12/1/2020,24303.00 Seg 2,305,17,F,650,65,0 - None,0 - No,32376,,Corvallis South,DNAFin - Dorsal
OtsCC20SIUR,OtsCC20SIUR_0033,457,Siuslaw,12/1/2020,24303.00 Seg 2,305,17,M,710,71,0 - None,,32377,,Corvallis South,DNAFin - Caudal
OtsCC20SIUR,OtsCC20SIUR_0034,458,Siuslaw,12/2/2020,24026.00 Seg 1,305,17,M,770,77,0 - None,,32378,,Corvallis South,DNAFin - Pectoral
OtsCC20SIUR,OtsCC20SIUR_0035,459,Siuslaw,12/2/2020,24026.00 Seg 1,305,17,F,640,64,0 - None,0 - No,32379,,Corvallis South,DNAFin - Dorsal
OtsCC20SIUR,OtsCC20SIUR_0036,461,Siuslaw,12/3/2020,24206.00 Seg 2,305,17,F,650,65,0 - None,0 - No,32368,,Corvallis South,DNAFin - Adipose
OtsCC20SIUR,OtsCC20SIUR_0037,462,Siuslaw,12/3/2020,24206.00 Seg 2,305,17,F,690,69,0 - None,0 - No,32369,,Corvallis South,DNAFin - Dorsal
OtsCC20SIUR,OtsCC20SIUR_0038,463,Siuslaw,12/3/2020,24206.00 Seg 2,305,17,F,780,78,0 - None,0 - No,32370,,Corvallis South,DNAFin - Adipose
OtsCC20SIUR,OtsCC20SIUR_0039,464,Siuslaw,12/3/2020,24206.00 Seg 2,305,17,F,660,66,0 - None,0 - No,32390,,Corvallis South,DNAFin - Adipose
OtsCC20SIUR,OtsCC20SIUR_0040,465,Siuslaw,12/3/2020,24206.00 Seg 2,305,17,F,710,71,0 - None,0 - No,32391,,Corvallis South,DNAFin - Adipose
OtsCC20SIUR,OtsCC20SIUR_0041,466,Siuslaw,12/3/2020,24206.00 Seg 2,305,17,M,570,57,0 - None,,32392,,Corvallis South,DNAFin - Adipose
OtsCC20SIUR,OtsCC20SIUR_0042,467,Siuslaw,12/3/2020,24206.00 Seg 2,305,17,M,630,63,0 - None,,32393,,Corvallis South,DNAFin - Adipose
OtsCC20SIUR,OtsCC20SIUR_0043,468,Siuslaw,12/3/2020,24206.00 Seg 2,305,17,F,690,69,0 - None,0 - No,32394,,Corvallis South,DNAFin - Adipose
OtsCC20SIUR,OtsCC20SIUR_0044,469,Siuslaw,12/3/2020,24206.00 Seg 2,305,17,M,690,69,0 - None,,32395,,Corvallis South,DNAFin - Adipose
OtsCC20SIUR,OtsCC20SIUR_0045,470,Siuslaw,12/3/2020,24206.00 Seg 2,305,17,F,680,68,0 - None,0 - No,32396,,Corvallis South,DNAFin - Adipose
OtsCC20SIUR,OtsCC20SIUR_0046,471,Siuslaw,12/3/2020,24206.00 Seg 2,305,17,M,685,68.5,0 - None,,32397,,Corvallis South,DNAFin - Pectoral
OtsCC20SIUR,OtsCC20SIUR_0047,472,Siuslaw,12/3/2020,24206.00 Seg 2,305,17,M,740,74,0 - None,,32398,,Corvallis South,DNAFin - Pectoral
OtsCC20SIUR,OtsCC20SIUR_0048,473,Siuslaw,12/3/2020,24206.00 Seg 2,305,17,M,670,67,0 - None,,32399,,Corvallis South,DNAFin - Pectoral
OtsCC20SIUR,OtsCC20SIUR_0049,474,Siuslaw,12/3/2020,24206.00 Seg 2,305,17,M,620,62,0 - None,,32400,,Corvallis South,DNAFin - Dorsal
OtsCC20SIUR,OtsCC20SIUR_0050,475,Siuslaw,12/3/2020,24206.00 Seg 2,305,17,F,635,63.5,0 - None,0 - No,32401,,Corvallis South,DNAFin - Pelvic
OtsCC20SIUR,OtsCC20SIUR_0051,476,Siuslaw,12/3/2020,24206.00 Seg 2,305,17,M,750,75,0 - None,,32402,,Corvallis South,DNAFin - Pectoral
OtsCC20SIUR,OtsCC20SIUR_0052,477,Siuslaw,12/3/2020,24206.00 Seg 2,305,17,M,750,75,0 - None,,32403,,Corvallis South,DNAFin - Pectoral
OtsCC20SIUR,OtsCC20SIUR_0053,478,Siuslaw,12/3/2020,24206.00 Seg 2,305,17,F,680,68,0 - None,0 - No,32404,,Corvallis South,DNAFin - Pelvic
OtsCC20SIUR,OtsCC20SIUR_0054,479,Siuslaw,12/3/2020,24206.00 Seg 2,305,17,F,660,66,0 - None,0 - No,32405,,Corvallis South,DNAFin - Pectoral
OtsCC20SIUR,OtsCC20SIUR_0055,480,Siuslaw,12/3/2020,24206.00 Seg 2,305,17,F,650,65,0 - None,0 - No,32407,,Corvallis South,DNAFin - Pectoral
OtsCC20SIUR,OtsCC20SIUR_0056,481,Siuslaw,12/3/2020,24206.00 Seg 2,305,17,F,745,74.5,0 - None,0 - No,32408,,Corvallis South,DNAFin - Dorsal
OtsCC20SIUR,OtsCC20SIUR_0057,482,Siuslaw,12/3/2020,24206.00 Seg 2,305,17,F,710,71,0 - None,0 - No,32411,,Corvallis South,DNAFin - Dorsal
OtsCC20SIUR,OtsCC20SIUR_0058,483,Siuslaw,12/3/2020,24206.00 Seg 2,305,17,F,640,64,0 - None,0 - No,32412,,Corvallis South,DNAFin - Pectoral
OtsCC20SIUR,OtsCC20SIUR_0059,484,Siuslaw,12/3/2020,24206.00 Seg 2,305,17,M,520,52,0 - None,,32413,,Corvallis South,DNAFin - Pectoral
OtsCC20SIUR,OtsCC20SIUR_0060,485,Siuslaw,12/3/2020,24206.00 Seg 2,305,17,F,690,69,0 - None,0 - No,32414,,Corvallis South,DNAFin - Dorsal
OtsCC20SIUR,OtsCC20SIUR_0061,486,Siuslaw,12/3/2020,24206.00 Seg 2,305,17,F,670,67,0 - None,0 - No,32415,,Corvallis South,DNAFin - Pelvic
OtsCC20SIUR,OtsCC20SIUR_0062,487,Siuslaw,12/3/2020,24206.00 Seg 2,305,17,M,560,56,0 - None,,32416,,Corvallis South,DNAFin - Pectoral
OtsCC20SIUR,OtsCC20SIUR_0063,488,Siuslaw,12/3/2020,24206.00 Seg 2,305,17,F,680,68,0 - None,0 - No,32417,,Corvallis South,DNAFin - Pectoral
OtsCC20SIUR,OtsCC20SIUR_0064,489,Siuslaw,12/3/2020,24206.00 Seg 2,305,17,F,760,76,0 - None,0 - No,32418,,Corvallis South,DNAFin - Dorsal
OtsCC20SIUR,OtsCC20SIUR_0065,490,Siuslaw,12/3/2020,24206.00 Seg 2,305,17,F,660,66,0 - None,0 - No,32419,,Corvallis South,DNAFin - Dorsal
OtsCC20SIUR,OtsCC20SIUR_0066,491,Siuslaw,12/3/2020,24206.00 Seg 2,305,17,F,670,67,0 - None,0 - No,32371,,Corvallis South,DNAFin - Dorsal
OtsCC20SIUR,OtsCC20SIUR_0067,492,Siuslaw,12/3/2020,24206.00 Seg 2,305,17,M,610,61,0 - None,,32386,,Corvallis South,DNAFin - Caudal
OtsCC20SIUR,OtsCC20SIUR_0068,493,Siuslaw,12/3/2020,24206.00 Seg 2,305,17,M,600,60,0 - None,,32387,,Corvallis South,DNAFin - Adipose
OtsCC20SIUR,OtsCC20SIUR_0069,494,Siuslaw,12/5/2020,24135.00 Seg 1,328,17,F,655,65.5,0 - None,0 - No,90558,,Corvallis South,DNAFin - Adipose
OtsCC20SIUR,OtsCC20SIUR_0070,495,Siuslaw,12/5/2020,24135.00 Seg 1,328,17,F,690,69,0 - None,0 - No,90559,,Corvallis South,DNAFin - Adipose
OtsCC20SIUR,OtsCC20SIUR_0071,496,Siuslaw,12/6/2020,24136.00 Seg 1,328,17,M,660,66,0 - None,,90562,,Corvallis South,DNAFin - Adipose
OtsCC20SIUR,OtsCC20SIUR_0072,497,Siuslaw,12/6/2020,24136.00 Seg 1,328,17,M,660,66,0 - None,,90565,,Corvallis South,DNAFin - Adipose
OtsCC20SIUR,OtsCC20SIUR_0073,498,Siuslaw,12/6/2020,24136.00 Seg 1,328,17,F,645,64.5,0 - None,0 - No,90566,,Corvallis South,DNAFin - Adipose
OtsCC20SIUR,OtsCC20SIUR_0074,499,Siuslaw,12/6/2020,24136.00 Seg 1,328,17,F,715,71.5,0 - None,0 - No,90567,,Corvallis South,DNAFin - Adipose
OtsCC20SIUR,OtsCC20SIUR_0075,500,Siuslaw,12/7/2020,24301.00 Seg 2,328,17,M,570,57,0 - None,,90569,,Corvallis South,DNAFin - Adipose
OtsCC20SIXR,OtsCC20SIXR_0001,244,Sixes,11/24/2020,21540.00 Seg 1,68,17,M,365,36.5,0 - None,,30661,,Sixes,DNAFin - Dorsal
OtsCC20SIXR,OtsCC20SIXR_0002,245,Sixes,12/28/2020,21542.00 Seg 1,68,17,M,570,57,0 - None,,40548,,Sixes,DNAFin - Adipose
OtsCC20SIXR,OtsCC20SIXR_0003,246,Sixes,12/28/2020,21542.00 Seg 1,68,17,F,715,71.5,0 - None,0 - No,40542,,Sixes,DNAFin - Dorsal
OtsCC20SIXR,OtsCC20SIXR_0004,247,Sixes,12/28/2020,21542.00 Seg 1,68,17,F,700,70,0 - None,0 - No,40545,,Sixes,DNAFin - Dorsal
OtsCC20SIXR,OtsCC20SIXR_0005,248,Sixes,12/28/2020,21542.00 Seg 1,68,17,M,780,78,0 - None,,40543,,Sixes,DNAFin - Adipose
OtsCC20SIXR,OtsCC20SIXR_0006,249,Sixes,12/29/2020,21556.00 Seg 1,68,17,M,700,70,0 - None,,40770,,Sixes,DNAFin - Dorsal
OtsCC20SIXR,OtsCC20SIXR_0007,250,Sixes,12/28/2020,21542.00 Seg 1,68,17,F,680,68,2 - Adipose,0 - No,40550,8590,Sixes,DNAFin - Dorsal
OtsCC20SIXR,OtsCC20SIXR_0008,251,Sixes,12/28/2020,21542.00 Seg 1,68,17,M,770,77,2 - Adipose,,40546,8588,Sixes,DNAFin - Dorsal
OtsCC20SIXR,OtsCC20SIXR_0009,252,Sixes,12/28/2020,21542.00 Seg 1,68,17,M,740,74,0 - None,,40544,,Sixes,DNAFin - Dorsal
OtsCC20SIXR,OtsCC20SIXR_0010,253,Sixes,12/28/2020,21542.00 Seg 1,68,17,M,750,75,0 - None,,40547,,Sixes,DNAFin - Dorsal
OtsCC20SIXR,OtsCC20SIXR_0011,254,Sixes,12/28/2020,21542.00 Seg 1,68,17,M,570,57,0 - None,,40541,,Sixes,DNAFin - Adipose
OtsCC20SIXR,OtsCC20SIXR_0012,255,Sixes,12/28/2020,21542.00 Seg 1,68,17,F,690,69,2 - Adipose,0 - No,40549,8589,Sixes,DNAFin - Dorsal
OtsCC20SIXR,OtsCC20SIXR_0013,266,Sixes,12/1/2020,21540.00 Seg 1,24,17,F,720,72,0 - None,0 - No,20703,,Sixes,DNAFin - Dorsal
OtsCC20SIXR,OtsCC20SIXR_0014,272,Sixes,12/9/2020,21540.00 Seg 1,24,17,M,510,51,0 - None,,40739,,Sixes,DNAFin - Dorsal
OtsCC20SIXR,OtsCC20SIXR_0015,276,Sixes,12/8/2020,21556.00 Seg 1,24,17,M,765,76.5,0 - None,,40736,,Sixes,DNAFin - Dorsal
OtsCC20SIXR,OtsCC20SIXR_0016,277,Sixes,12/9/2020,21540.00 Seg 1,24,17,F,645,64.5,0 - None,0 - No,40738,,Sixes,DNAFin - Dorsal
OtsCC20SIXR,OtsCC20SIXR_0017,284,Sixes,12/16/2020,21540.00 Seg 1,59,17,M,485,48.5,0 - None,,40510,,Sixes,
OtsCC20SIXR,OtsCC20SIXR_0018,285,Sixes,12/9/2020,21540.00 Seg 1,24,17,M,710,71,0 - None,,40740,,Sixes,DNAFin - Dorsal
OtsCC20SIXR,OtsCC20SIXR_0019,286,Sixes,12/30/2020,21540.00 Seg 1,24,17,M,710,71,0 - None,,40722,,Sixes,DNAFin - Dorsal
OtsCC20SIXR,OtsCC20SIXR_0020,287,Sixes,12/16/2020,21540.00 Seg 1,59,17,F,650,65,9 - Unknown,0 - No,40512,,Sixes,
OtsCC20SIXR,OtsCC20SIXR_0021,289,Sixes,12/30/2020,21540.00 Seg 1,24,17,F,725,72.5,0 - None,0 - No,40723,,Sixes,DNAFin - Dorsal
OtsCC20SIXR,OtsCC20SIXR_0022,291,Sixes,12/30/2020,21540.00 Seg 2,24,17,F,655,65.5,0 - None,0 - No,40724,,Sixes,DNAFin - Dorsal
OtsCC20SIXR,OtsCC20SIXR_0023,292,Sixes,12/19/2020,21542.00 Seg 2,59,17,F,725,72.5,0 - None,0 - No,40514,,Sixes,
OtsCC20SIXR,OtsCC20SIXR_0024,293,Sixes,12/19/2020,21542.00 Seg 1,55,17,F,700,70,0 - None,0 - No,40612,,Sixes,
OtsCC20SIXR,OtsCC20SIXR_0025,294,Sixes,12/19/2020,21542.00 Seg 1,55,17,M,460,46,0 - None,,40611,,Sixes,DNAFin - Dorsal
OtsCC20SIXR,OtsCC20SIXR_0026,295,Sixes,12/19/2020,21542.00 Seg 2,59,17,F,695,69.5,0 - None,0 - No,40515,,Sixes,
OtsCC20SIXR,OtsCC20SIXR_0027,297,Sixes,12/14/2020,21542.00 Seg 1,55,17,M,700,70,0 - None,,40599,,Sixes,DNAFin - Dorsal
OtsCC20SIXR,OtsCC20SIXR_0028,298,Sixes,12/14/2020,21542.00 Seg 1,55,17,M,725,72.5,0 - None,,40598,,Sixes,DNAFin - Dorsal
OtsCC20SIXR,OtsCC20SIXR_0029,307,Sixes,12/14/2020,21542.00 Seg 1,55,17,F,705,70.5,0 - None,0 - No,40602,,Sixes,DNAFin - Dorsal
OtsCC20SIXR,OtsCC20SIXR_0030,313,Sixes,12/14/2020,21542.00 Seg 1,55,17,F,610,61,0 - None,0 - No,40601,,Sixes,DNAFin - Dorsal
OtsCC20UMPR,OtsCC20UMPR_0001,236,Umpqua,12/7/2020,22655.00 Seg 2,68,17,F,700,70,0 - None,0 - No,40533,,Coos Bay,DNAFin - Dorsal
OtsCC20UMPR,OtsCC20UMPR_0002,240,Umpqua,12/7/2020,22655.00 Seg 2,68,17,M,720,72,0 - None,,40531,,Coos Bay,DNAFin - Dorsal
OtsCC20UMPR,OtsCC20UMPR_0003,241,Umpqua,12/7/2020,22655.00 Seg 2,68,17,F,640,64,0 - None,0 - No,40535,,Coos Bay,DNAFin - Dorsal
OtsCC20UMPR,OtsCC20UMPR_0004,242,Umpqua,12/7/2020,22655.00 Seg 2,68,17,M,730,73,0 - None,,40534,,Coos Bay,DNAFin - Dorsal
OtsCC20UMPR,OtsCC20UMPR_0005,243,Umpqua,12/7/2020,22655.00 Seg 2,68,17,M,750,75,0 - None,,40532,,Coos Bay,DNAFin - Dorsal
OtsCC20UMPR,OtsCC20UMPR_0006,296,Umpqua,11/30/2020,22655.00 Seg 2,55,17,F,670,67,0 - None,0 - No,40577,,Coos Bay,DNAFin - Dorsal
OtsCC20UMPR,OtsCC20UMPR_0007,299,Umpqua,11/30/2020,22442.10 Seg 1,55,17,F,760,76,0 - None,0 - No,40578,,Coos Bay,DNAFin - Dorsal
OtsCC20UMPR,OtsCC20UMPR_0008,300,Umpqua,11/30/2020,22442.10 Seg 1,55,17,F,625,62.5,0 - None,0 - No,40580,,Coos Bay,DNAFin - Dorsal
OtsCC20WILR,OtsCC20WILR_1001,77,Wilson,11/9/2020,25641.00 Seg 1,35,17,M,590,59,0 - None,,38607,,Tillamook South,DNAFin - Adipose
OtsCC20WILR,OtsCC20WILR_1002,80,Wilson,11/9/2020,25641.00 Seg 1,35,17,F,725,72.5,0 - None,0 - No,38608,,Tillamook South,DNAFin - Adipose
OtsCC20WILR,OtsCC20WILR_1003,87,Wilson,10/20/2020,25641.00 Seg 1,35,17,M,820,82,0 - None,,38600,,Tillamook South,DNAFin - Adipose
OtsCC20WILR,OtsCC20WILR_1004,92,Wilson,11/24/2020,25679.00 Seg 1.1,38,17,F,705,70.5,0 - None,0 - No,19272,,Tillamook South,DNAFin - Adipose
OtsCC20WILR,OtsCC20WILR_1005,95,Wilson,11/24/2020,25679.00 Seg 1.1,38,17,F,645,64.5,0 - None,0 - No,19271,,Tillamook South,DNAFin - Adipose
OtsCC20WILR,OtsCC20WILR_1006,99,Wilson,11/19/2020,25679.00 Seg 1.1,38,17,F,685,68.5,0 - None,0 - No,25215,,Tillamook South,DNAFin - Adipose
OtsCC20WILR,OtsCC20WILR_1007,100,Wilson,11/18/2020,25641.00 Seg 1,38,17,M,730,73,0 - None,,25214,,Tillamook South,Potentially a chum. DNAFin - Pectoral
OtsCC20WILR,OtsCC20WILR_1008,104,Wilson,12/2/2020,25641.00 Seg 1,98,17,,655,65.5,0 - None,,41001,,Tillamook South,DNAFin - Dorsal
OtsCC20WILR,OtsCC20WILR_1009,105,Wilson,12/2/2020,25641.00 Seg 1,98,17,M,810,81,0 - None,,41085,,Tillamook South,DNAFin - Pelvic
OtsCC20WILR,OtsCC20WILR_1010,107,Wilson,12/2/2020,25641.00 Seg 1,98,17,M,675,67.5,0 - None,,41084,,Tillamook South,DNAFin - Dorsal
OtsCC20WILR,OtsCC20WILR_1011,109,Wilson,12/2/2020,25641.00 Seg 1,98,17,M,800,80,0 - None,,41005,,Tillamook South,DNAFin - Anal
OtsCC20WILR,OtsCC20WILR_1012,110,Wilson,12/2/2020,25695.00 Seg 1,38,17,F,760,76,0 - None,0 - No,38627,,Tillamook South,DNAFin - Adipose
OtsCC20WILR,OtsCC20WILR_1013,111,Wilson,12/2/2020,25679.00 Seg 1.1,35,17,F,700,70,0 - None,0 - No,38656,,Tillamook South,DNAFin - Adipose
OtsCC20WILR,OtsCC20WILR_1014,112,Wilson,12/2/2020,25679.00 Seg 1.1,35,17,M,805,80.5,0 - None,,38657,,Tillamook South,DNAFin - Adipose
OtsCC20WILR,OtsCC20WILR_1015,117,Wilson,12/2/2020,25679.00 Seg 1.1,35,17,F,685,68.5,0 - None,0 - No,38659,,Tillamook South,DNAFin - Adipose
OtsCC20WILR,OtsCC20WILR_1016,118,Wilson,12/2/2020,25679.00 Seg 1.1,35,17,M,765,76.5,0 - None,,38661,,Tillamook South,DNAFin - Adipose
OtsCC20WILR,OtsCC20WILR_1017,119,Wilson,11/24/2020,25679.00 Seg 1.1,35,17,F,740,74,0 - None,0 - No,38671,,Tillamook South,DNAFin - Adipose
OtsCC20WILR,OtsCC20WILR_1018,127,Wilson,12/2/2020,25679.00 Seg 1.1,35,17,F,695,69.5,0 - None,0 - No,38663,,Tillamook South,DNAFin - Adipose
OtsCC20WILR,OtsCC20WILR_1019,128,Wilson,12/7/2020,25679.00 Seg 1.1,38,17,M,680,68,0 - None,,38630,,Tillamook South,DNAFin - Adipose
OtsCC20WILR,OtsCC20WILR_1020,129,Wilson,12/7/2020,25679.00 Seg 1.1,38,17,M,720,72,0 - None,,38631,,Tillamook South,DNAFin - Adipose
OtsCC20WILR,OtsCC20WILR_1021,132,Wilson,12/2/2020,25679.00 Seg 1.1,35,17,F,725,72.5,0 - None,0 - No,38655,,Tillamook South,DNAFin - Adipose
OtsCC20WILR,OtsCC20WILR_1022,133,Wilson,12/2/2020,25679.00 Seg 1.1,35,17,M,565,56.5,0 - None,,38658,,Tillamook South,DNAFin - Adipose
OtsCC20WILR,OtsCC20WILR_1023,135,Wilson,12/2/2020,25679.00 Seg 1.1,35,17,M,620,62,0 - None,,38653,,Tillamook South,DNAFin - Adipose
OtsCC20WILR,OtsCC20WILR_1024,137,Wilson,12/2/2020,25679.00 Seg 1.1,35,17,M,655,65.5,0 - None,,38662,,Tillamook South,DNAFin - Adipose
OtsCC20WILR,OtsCC20WILR_1025,139,Wilson,11/24/2020,25679.00 Seg 1.1,35,17,F,700,70,0 - None,0 - No,38670,,Tillamook South,DNAFin - Adipose
OtsCC20WILR,OtsCC20WILR_1026,141,Wilson,12/2/2020,25675.00 Seg 3,35,17,M,745,74.5,0 - None,,38652,,Tillamook South,DNAFin - Adipose
OtsCC20WILR,OtsCC20WILR_1027,143,Wilson,12/2/2020,25679.00 Seg 1.1,35,17,F,725,72.5,0 - None,0 - No,38654,,Tillamook South,DNAFin - Adipose
OtsCC20YAQR,OtsCC20YAQR_0001,211,Yaquina,10/19/2020,24970.00 Seg 1.1,46,17,F,640,64,0 - None,0 - No,,,Corvallis Central,DNAFin - Pelvic
